,band,species,beak length (mm),beak depth (mm),year
0,20123,fortis,9.25,8.05,1973
1,20126,fortis,11.35,10.45,1973
2,20128,fortis,10.15,9.55,1973
3,20129,fortis,9.95,8.75,1973
4,20133,fortis,11.55,10.15,1973
5,20136,fortis,11.15,9.85,1973
6,20138,fortis,10.05,8.85,1973
7,20142,fortis,11.25,10.15,1973
8,20143,fortis,9.15,8.15,1973
9,20146,fortis,9.25,8.55,1973
10,20149,fortis,11.75,10.65,1973
11,20150,fortis,9.05,8.05,1973
12,20152,fortis,11.15,9.75,1973
13,20155,fortis,11.25,10.15,1973
14,20156,fortis,10.45,9.85,1973
15,20157,fortis,10.65,9.75,1973
16,20163,fortis,10.05,8.35,1973
17,20164,fortis,10.45,8.55,1973
18,20169,fortis,11.45,10.25,1973
19,20172,fortis,11.15,9.35,1973
20,20174,fortis,10.95,10.15,1973
21,20176,fortis,9.55,8.55,1973
22,20177,fortis,10.65,8.85,1973
23,20178,fortis,10.05,9.85,1973
24,20181,fortis,11.25,10.75,1973
25,20183,fortis,10.85,9.85,1973
26,20203,fortis,10.05,8.45,1973
27,20206,fortis,11.95,10.55,1973
28,20211,fortis,9.85,8.35,1973
29,20215,fortis,9.35,8.25,1973
30,20217,fortis,12.05,10.95,1973
31,20218,fortis,10.35,9.15,1973
32,20219,fortis,10.65,8.85,1973
33,20221,fortis,10.95,10.05,1973
34,20229,fortis,10.25,9.55,1973
35,20230,fortis,12.65,12.15,1973
36,20233,fortis,10.65,9.55,1973
37,20235,fortis,10.75,9.75,1973
38,20239,fortis,10.15,9.25,1973
39,20243,fortis,10.25,9.05,1973
40,20244,fortis,10.35,8.45,1973
41,20246,fortis,10.55,9.55,1973
42,20247,fortis,10.95,9.95,1973
43,20249,fortis,11.65,10.65,1973
44,20250,fortis,9.85,7.95,1973
45,20253,fortis,11.15,10.65,1973
46,20256,fortis,10.05,9.15,1973
47,20258,fortis,11.15,10.05,1973
48,20263,fortis,10.95,9.75,1973
49,20268,fortis,11.05,10.05,1973
50,20269,fortis,10.65,9.65,1973
51,20271,fortis,10.85,9.45,1973
52,20272,fortis,11.05,10.75,1973
53,20275,fortis,11.05,9.85,1973
54,20276,fortis,11.55,11.15,1973
55,20277,fortis,11.25,10.85,1973
56,20278,fortis,10.25,8.55,1973
57,20282,fortis,11.05,10.25,1973
58,20292,fortis,9.95,8.35,1973
59,20296,fortis,10.65,9.15,1973
60,20299,fortis,9.95,9.35,1973
61,20301,fortis,11.05,10.15,1973
62,20302,fortis,10.75,9.75,1973
63,20306,fortis,11.75,10.75,1973
64,20307,fortis,10.25,9.35,1973
65,20308,fortis,9.45,8.65,1973
66,20309,fortis,11.85,10.35,1973
67,20310,fortis,10.95,10.55,1973
68,20313,fortis,10.35,9.45,1973
69,20317,fortis,10.15,8.85,1973
70,20318,fortis,10.45,9.45,1973
71,20320,fortis,11.35,9.85,1973
72,20324,fortis,9.85,9.15,1973
73,20121,scandens,15.15,9.35,1973
74,20125,scandens,15.05,9.75,1973
75,20135,scandens,14.45,8.35,1973
76,20159,scandens,14.05,9.55,1973
77,20160,scandens,14.25,8.55,1973
78,20175,scandens,14.65,9.85,1973
79,20182,scandens,15.45,10.65,1973
80,20187,scandens,15.15,9.55,1973
81,20200,scandens,14.95,9.85,1973
82,20207,scandens,13.65,9.75,1973
83,20220,scandens,14.65,7.95,1973
84,20224,scandens,15.65,9.95,1973
85,20245,scandens,14.05,9.55,1973
86,20254,scandens,13.85,9.15,1973
87,20259,scandens,14.95,10.45,1973
88,20274,scandens,13.15,9.15,1973
89,2,fortis,9.4,8.0,1975
90,9,fortis,9.2,8.3,1975
91,12,fortis,9.5,7.5,1975
92,15,fortis,9.5,8.0,1975
93,305,fortis,11.5,9.9,1975
94,307,fortis,11.1,8.6,1975
95,308,fortis,9.9,8.4,1975
96,309,fortis,11.5,9.8,1975
97,311,fortis,10.8,9.2,1975
98,312,fortis,11.3,9.0,1975
99,313,fortis,11.5,9.5,1975
100,314,fortis,11.5,8.9,1975
101,315,fortis,9.7,8.8,1975
102,316,fortis,10.9,9.7,1975
103,316,fortis,10.9,9.85,1975
104,320,fortis,10.1,8.9,1975
105,321,fortis,10.6,8.5,1975
106,323,fortis,9.6,8.2,1975
107,324,fortis,10.3,9.3,1975
108,326,fortis,10.5,9.1,1975
109,328,fortis,10.5,8.8,1975
110,329,fortis,10.9,9.4,1975
111,330,fortis,11.2,9.6,1975
112,340,fortis,9.4,8.5,1975
113,341,fortis,10.1,8.1,1975
114,342,fortis,9.6,8.0,1975
115,343,fortis,10.5,9.7,1975
116,344,fortis,9.9,8.2,1975
117,345,fortis,9.9,8.4,1975
118,346,fortis,9.6,7.9,1975
119,347,fortis,10.7,9.3,1975
120,348,fortis,11.8,10.5,1975
121,349,fortis,10.2,9.7,1975
122,350,fortis,10.9,9.6,1975
123,352,fortis,9.3,7.7,1975
124,354,fortis,11.6,9.8,1975
125,355,fortis,11.2,9.8,1975
126,356,fortis,10.1,8.5,1975
127,360,fortis,10.7,9.2,1975
128,366,fortis,11.0,10.1,1975
129,368,fortis,10.8,9.0,1975
130,369,fortis,10.2,9.0,1975
131,401,fortis,10.8,9.4,1975
132,402,fortis,10.4,8.8,1975
133,403,fortis,11.2,9.9,1975
134,405,fortis,11.4,9.9,1975
135,410,fortis,10.9,8.9,1975
136,411,fortis,10.4,9.4,1975
137,413,fortis,9.7,8.2,1975
138,414,fortis,10.2,8.2,1975
139,415,fortis,9.2,8.1,1975
140,416,fortis,10.1,8.4,1975
141,417,fortis,11.0,10.1,1975
142,418,fortis,10.3,8.6,1975
143,419,fortis,10.2,8.5,1975
144,420,fortis,11.0,9.7,1975
145,422,fortis,11.0,10.3,1975
146,423,fortis,10.1,8.6,1975
147,424,fortis,10.7,9.3,1975
148,425,fortis,10.7,8.9,1975
149,426,fortis,11.0,9.7,1975
150,427,fortis,12.0,10.2,1975
151,428,fortis,11.6,10.2,1975
152,450,fortis,9.9,8.5,1975
153,451,fortis,10.8,8.8,1975
154,452,fortis,10.5,8.9,1975
155,453,fortis,10.0,8.7,1975
156,454,fortis,9.6,9.3,1975
157,455,fortis,11.0,9.7,1975
158,456,fortis,10.2,9.6,1975
159,457,fortis,9.7,7.85,1975
160,458,fortis,11.1,9.6,1975
161,459,fortis,10.4,9.3,1975
162,461,fortis,11.1,9.8,1975
163,462,fortis,10.2,8.8,1975
164,463,fortis,10.3,9.1,1975
165,465,fortis,9.9,9.0,1975
166,466,fortis,11.0,10.4,1975
167,468,fortis,10.8,9.0,1975
168,473,fortis,10.5,9.5,1975
169,474,fortis,10.5,8.7,1975
170,475,fortis,11.2,9.6,1975
171,476,fortis,11.2,9.4,1975
172,477,fortis,11.7,9.5,1975
173,479,fortis,10.5,8.6,1975
174,501,fortis,10.5,9.9,1975
175,502,fortis,11.2,9.4,1975
176,503,fortis,10.0,9.1,1975
177,504,fortis,10.4,8.6,1975
178,505,fortis,10.8,9.3,1975
179,506,fortis,11.1,9.2,1975
180,507,fortis,10.3,8.8,1975
181,509,fortis,11.1,9.2,1975
182,510,fortis,9.8,8.3,1975
183,511,fortis,10.5,8.8,1975
184,512,fortis,11.0,9.4,1975
185,513,fortis,11.2,10.4,1975
186,514,fortis,9.8,8.5,1975
187,515,fortis,9.8,7.9,1975
188,516,fortis,9.8,7.9,1975
189,517,fortis,10.3,10.1,1975
190,518,fortis,11.3,9.8,1975
191,519,fortis,10.0,8.3,1975
192,520,fortis,11.1,9.4,1975
193,521,fortis,10.0,9.0,1975
194,522,fortis,10.3,8.4,1975
195,524,fortis,10.2,8.7,1975
196,526,fortis,10.4,9.2,1975
197,527,fortis,11.0,9.5,1975
198,528,fortis,11.5,10.1,1975
199,529,fortis,11.8,9.8,1975
200,560,fortis,10.2,8.5,1975
201,561,fortis,11.7,10.2,1975
202,563,fortis,10.1,8.6,1975
203,564,fortis,10.2,9.3,1975
204,565,fortis,9.8,8.7,1975
205,566,fortis,10.6,8.9,1975
206,567,fortis,10.0,8.4,1975
207,572,fortis,12.1,10.3,1975
208,574,fortis,11.1,9.9,1975
209,576,fortis,10.5,8.9,1975
210,578,fortis,10.0,9.1,1975
211,579,fortis,10.2,8.6,1975
212,601,fortis,9.7,7.8,1975
213,602,fortis,10.0,8.6,1975
214,603,fortis,10.7,9.5,1975
215,604,fortis,11.0,9.5,1975
216,605,fortis,10.9,10.2,1975
217,606,fortis,10.5,9.1,1975
218,607,fortis,10.9,9.7,1975
219,608,fortis,10.7,9.4,1975
220,609,fortis,11.9,10.5,1975
221,610,fortis,10.2,9.0,1975
222,611,fortis,10.5,9.8,1975
223,615,fortis,11.2,10.0,1975
224,616,fortis,10.7,9.6,1975
225,617,fortis,10.3,9.6,1975
226,618,fortis,11.6,9.9,1975
227,619,fortis,10.5,9.3,1975
228,620,fortis,10.9,9.6,1975
229,621,fortis,9.8,7.6,1975
230,622,fortis,10.9,9.2,1975
231,623,fortis,10.3,8.8,1975
232,624,fortis,11.7,10.1,1975
233,625,fortis,11.0,8.9,1975
234,626,fortis,9.8,9.5,1975
235,627,fortis,10.4,8.2,1975
236,628,fortis,10.8,9.7,1975
237,629,fortis,11.0,9.8,1975
238,670,fortis,10.6,9.3,1975
239,671,fortis,11.3,9.8,1975
240,672,fortis,10.1,8.8,1975
241,673,fortis,11.4,10.1,1975
242,674,fortis,11.8,10.5,1975
243,675,fortis,9.9,8.6,1975
244,676,fortis,11.0,9.7,1975
245,677,fortis,10.8,10.0,1975
246,678,fortis,11.3,9.7,1975
247,679,fortis,11.1,10.5,1975
248,680,fortis,11.0,10.4,1975
249,681,fortis,10.4,9.2,1975
250,682,fortis,9.1,8.1,1975
251,683,fortis,10.8,9.4,1975
252,684,fortis,10.6,8.9,1975
253,685,fortis,8.7,8.2,1975
254,686,fortis,10.7,9.3,1975
255,687,fortis,10.3,8.6,1975
256,688,fortis,10.5,9.0,1975
257,689,fortis,9.1,7.6,1975
258,701,fortis,9.5,8.7,1975
259,702,fortis,10.8,9.8,1975
260,703,fortis,10.6,9.4,1975
261,704,fortis,9.9,9.9,1975
262,705,fortis,11.5,10.1,1975
263,706,fortis,11.2,9.8,1975
264,707,fortis,9.7,7.9,1975
265,708,fortis,12.2,10.8,1975
266,709,fortis,9.2,7.9,1975
267,710,fortis,10.5,10.0,1975
268,711,fortis,10.5,8.4,1975
269,712,fortis,10.8,9.5,1975
270,713,fortis,10.7,8.8,1975
271,714,fortis,11.8,10.4,1975
272,715,fortis,9.1,8.1,1975
273,716,fortis,10.1,9.8,1975
274,717,fortis,10.0,8.2,1975
275,719,fortis,11.0,9.5,1975
276,720,fortis,12.2,10.5,1975
277,721,fortis,11.4,9.7,1975
278,723,fortis,10.9,9.6,1975
279,725,fortis,10.6,9.6,1975
280,726,fortis,9.3,7.9,1975
281,780,fortis,10.9,10.1,1975
282,781,fortis,10.6,9.3,1975
283,785,fortis,11.0,10.3,1975
284,786,fortis,9.0,7.9,1975
285,787,fortis,11.0,9.1,1975
286,788,fortis,10.4,8.9,1975
287,789,fortis,10.4,8.3,1975
288,790,fortis,9.6,9.4,1975
289,801,fortis,10.6,9.5,1975
290,802,fortis,10.1,8.5,1975
291,803,fortis,9.7,8.6,1975
292,804,fortis,9.6,8.5,1975
293,805,fortis,10.1,8.2,1975
294,807,fortis,9.9,7.9,1975
295,808,fortis,11.0,10.0,1975
296,809,fortis,10.9,9.4,1975
297,810,fortis,9.7,8.0,1975
298,811,fortis,10.0,8.6,1975
299,812,fortis,10.4,9.0,1975
300,813,fortis,11.6,9.9,1975
301,814,fortis,9.6,8.0,1975
302,815,fortis,10.8,9.6,1975
303,817,fortis,10.9,9.2,1975
304,818,fortis,10.2,9.0,1975
305,818,fortis,10.2,9.0,1975
306,819,fortis,10.4,9.2,1975
307,820,fortis,11.0,9.5,1975
308,821,fortis,10.7,9.2,1975
309,822,fortis,11.1,9.7,1975
310,823,fortis,10.8,9.1,1975
311,824,fortis,10.9,9.4,1975
312,825,fortis,9.9,8.6,1975
313,826,fortis,11.8,9.8,1975
314,827,fortis,9.7,8.0,1975
315,828,fortis,11.9,10.4,1975
316,829,fortis,9.6,8.1,1975
317,830,fortis,10.9,9.9,1975
318,831,fortis,10.2,8.6,1975
319,891,fortis,9.9,8.0,1975
320,892,fortis,11.3,9.0,1975
321,893,fortis,10.9,9.7,1975
322,894,fortis,9.8,8.1,1975
323,895,fortis,10.3,8.8,1975
324,896,fortis,8.8,7.5,1975
325,897,fortis,11.6,10.2,1975
326,898,fortis,9.9,8.2,1975
327,899,fortis,9.9,8.6,1975
328,900,fortis,9.9,8.7,1975
329,902,fortis,10.4,8.6,1975
330,903,fortis,11.2,9.9,1975
331,904,fortis,10.8,9.5,1975
332,905,fortis,9.9,8.4,1975
333,906,fortis,9.9,8.7,1975
334,907,fortis,10.2,8.2,1975
335,908,fortis,10.4,9.2,1975
336,909,fortis,9.4,8.2,1975
337,910,fortis,10.2,9.2,1975
338,911,fortis,11.0,9.3,1975
339,912,fortis,10.6,8.9,1975
340,913,fortis,10.5,9.0,1975
341,914,fortis,10.4,9.1,1975
342,915,fortis,10.2,8.8,1975
343,917,fortis,10.2,8.8,1975
344,919,fortis,11.0,9.6,1975
345,921,fortis,11.1,10.2,1975
346,922,fortis,9.7,8.2,1975
347,923,fortis,10.5,8.9,1975
348,924,fortis,10.9,9.0,1975
349,925,fortis,10.7,8.8,1975
350,926,fortis,11.0,9.9,1975
351,927,fortis,10.9,9.3,1975
352,928,fortis,11.2,9.9,1975
353,929,fortis,11.5,9.5,1975
354,930,fortis,10.8,10.0,1975
355,931,fortis,10.2,8.9,1975
356,932,fortis,11.0,9.8,1975
357,933,fortis,10.9,9.9,1975
358,934,fortis,10.5,8.7,1975
359,936,fortis,10.8,9.2,1975
360,941,fortis,9.8,8.2,1975
361,942,fortis,9.7,7.9,1975
362,943,fortis,10.3,9.1,1975
363,944,fortis,10.3,8.3,1975
364,944,fortis,10.3,8.3,1975
365,945,fortis,11.6,10.8,1975
366,945,fortis,11.6,10.8,1975
367,951,fortis,10.9,9.9,1975
368,952,fortis,10.6,9.0,1975
369,954,fortis,11.5,9.3,1975
370,991,fortis,10.8,9.6,1975
371,1040,fortis,10.83,9.3,1975
372,1368,fortis,11.73,10.2,1975
373,1420,fortis,10.23,8.6,1975
374,1433,fortis,11.83,10.98,1975
375,1560,fortis,11.43,10.28,1975
376,1581,fortis,10.73,9.6,1975
377,1770,fortis,10.33,9.28,1975
378,1857,fortis,10.23,9.5,1975
379,1860,fortis,11.53,9.4,1975
380,1884,fortis,11.03,9.15,1975
381,2102,fortis,11.73,9.8,1975
382,2105,fortis,10.53,9.35,1975
383,2220,fortis,9.93,8.5,1975
384,2381,fortis,11.23,10.5,1975
385,2482,fortis,9.83,8.5,1975
386,2939,fortis,9.63,8.31,1975
387,2955,fortis,10.6,9.9,1975
388,2974,fortis,11.88,10.36,1975
389,3642,fortis,11.03,10.28,1975
390,8016,fortis,10.73,8.9,1975
391,8020,fortis,10.13,8.7,1975
392,20139,fortis,10.15,9.15,1975
393,20165,fortis,10.85,10.35,1975
394,20166,fortis,10.95,8.85,1975
395,20168,fortis,9.85,8.55,1975
396,20204,fortis,10.25,8.95,1975
397,20238,fortis,11.75,10.75,1975
398,20267,fortis,10.95,10.05,1975
399,20273,fortis,10.95,10.15,1975
400,20283,fortis,10.55,8.45,1975
401,20285,fortis,9.65,8.85,1975
402,20286,fortis,11.45,10.25,1975
403,20293,fortis,10.25,9.75,1975
404,20298,fortis,10.05,8.95,1975
405,302,scandens,13.9,8.4,1975
406,304,scandens,14.0,8.8,1975
407,306,scandens,12.9,8.4,1975
408,310,scandens,13.5,8.0,1975
409,317,scandens,12.9,7.9,1975
410,318,scandens,14.6,8.9,1975
411,319,scandens,13.0,8.6,1975
412,322,scandens,14.2,8.5,1975
413,325,scandens,14.0,8.9,1975
414,327,scandens,14.2,9.1,1975
415,351,scandens,13.1,8.6,1975
416,353,scandens,15.1,9.8,1975
417,357,scandens,13.5,8.2,1975
418,358,scandens,14.4,9.0,1975
419,359,scandens,14.9,9.7,1975
420,361,scandens,12.9,8.6,1975
421,362,scandens,13.0,8.2,1975
422,363,scandens,14.9,9.0,1975
423,364,scandens,14.0,8.4,1975
424,365,scandens,13.8,8.6,1975
425,367,scandens,13.0,8.9,1975
426,404,scandens,14.75,9.1,1975
427,406,scandens,13.7,8.3,1975
428,407,scandens,13.8,8.7,1975
429,408,scandens,14.0,9.6,1975
430,409,scandens,14.6,8.5,1975
431,412,scandens,15.2,9.1,1975
432,421,scandens,13.5,9.0,1975
433,429,scandens,15.1,9.2,1975
434,460,scandens,15.0,9.9,1975
435,464,scandens,12.8,8.6,1975
436,467,scandens,14.9,9.2,1975
437,469,scandens,15.3,8.4,1975
438,470,scandens,13.4,8.9,1975
439,471,scandens,14.2,8.5,1975
440,472,scandens,15.1,10.4,1975
441,478,scandens,15.1,9.6,1975
442,508,scandens,14.0,9.1,1975
443,523,scandens,13.6,9.3,1975
444,525,scandens,14.0,9.3,1975
445,562,scandens,14.0,8.8,1975
446,568,scandens,13.9,8.3,1975
447,569,scandens,14.0,8.8,1975
448,570,scandens,14.9,9.1,1975
449,571,scandens,15.6,10.1,1975
450,573,scandens,13.8,8.9,1975
451,575,scandens,14.4,9.2,1975
452,577,scandens,12.8,8.5,1975
453,612,scandens,14.2,10.2,1975
454,613,scandens,13.4,10.1,1975
455,614,scandens,14.0,9.2,1975
456,718,scandens,14.8,9.7,1975
457,722,scandens,14.2,9.1,1975
458,724,scandens,13.5,8.5,1975
459,727,scandens,13.4,8.2,1975
460,728,scandens,14.6,9.0,1975
461,729,scandens,13.5,9.3,1975
462,782,scandens,13.7,8.0,1975
463,783,scandens,13.9,9.1,1975
464,784,scandens,13.1,8.1,1975
465,806,scandens,13.4,8.3,1975
466,816,scandens,13.8,8.7,1975
467,890,scandens,13.6,8.8,1975
468,901,scandens,14.0,8.6,1975
469,916,scandens,13.5,8.7,1975
470,918,scandens,12.8,8.0,1975
471,920,scandens,14.0,8.8,1975
472,935,scandens,13.4,9.0,1975
473,953,scandens,14.9,9.1,1975
474,1014,scandens,15.54,9.74,1975
475,1642,scandens,14.63,9.1,1975
476,1748,scandens,14.73,9.8,1975
477,1841,scandens,15.73,10.4,1975
478,1842,scandens,14.83,8.3,1975
479,2084,scandens,15.94,9.44,1975
480,2397,scandens,15.14,9.04,1975
481,8110,scandens,14.23,9.0,1975
482,20122,scandens,14.15,9.05,1975
483,20151,scandens,14.35,9.65,1975
484,20188,scandens,14.95,9.45,1975
485,20210,scandens,13.95,8.65,1975
486,20223,scandens,14.05,9.45,1975
487,20225,scandens,14.55,9.45,1975
488,20252,scandens,14.05,9.05,1975
489,20255,scandens,14.45,8.75,1975
490,20266,scandens,15.05,9.45,1975
491,20279,scandens,13.25,8.35,1975
492,14613,fortis,9.1,7.0,1987
493,15487,fortis,9.14,7.12,1987
494,15187,fortis,9.24,7.21,1987
495,15284,fortis,9.2,7.3,1987
496,14983,fortis,8.83,7.32,1987
497,14913,fortis,9.14,7.41,1987
498,15726,fortis,9.04,7.42,1987
499,15821,fortis,10.56,7.43,1987
500,15484,fortis,9.7,7.45,1987
501,4968,fortis,9.25,7.5,1987
502,15695,fortis,9.5,7.5,1987
503,15272,fortis,9.34,7.51,1987
504,15256,fortis,9.64,7.51,1987
505,13907,fortis,9.04,7.64,1987
506,5578,fortis,9.8,7.65,1987
507,10376,fortis,9.28,7.68,1987
508,13377,fortis,9.5,7.7,1987
509,15225,fortis,10.8,7.8,1987
510,15914,fortis,9.24,7.81,1987
511,14760,fortis,10.24,7.81,1987
512,15779,fortis,9.74,7.86,1987
513,13901,fortis,9.2,7.9,1987
514,15277,fortis,9.95,7.9,1987
515,15285,fortis,9.34,7.92,1987
516,13194,fortis,9.35,7.92,1987
517,14967,fortis,10.1,7.92,1987
518,14800,fortis,9.96,7.93,1987
519,14612,fortis,9.27,7.95,1987
520,15154,fortis,9.4,7.95,1987
521,14123,fortis,9.68,7.96,1987
522,15368,fortis,10.19,7.97,1987
523,15873,fortis,10.0,8.0,1987
524,16027,fortis,10.25,8.0,1987
525,15353,fortis,11.3,8.0,1987
526,14265,fortis,9.83,8.02,1987
527,15014,fortis,11.04,8.02,1987
528,14969,fortis,10.16,8.03,1987
529,5627,fortis,10.74,8.03,1987
530,15973,fortis,10.19,8.06,1987
531,13468,fortis,9.46,8.09,1987
532,15214,fortis,9.5,8.1,1987
533,14978,fortis,9.7,8.1,1987
534,15909,fortis,10.0,8.1,1987
535,13996,fortis,10.05,8.1,1987
536,13543,fortis,10.3,8.1,1987
537,14634,fortis,10.5,8.1,1987
538,15804,fortis,9.94,8.11,1987
539,15493,fortis,10.04,8.11,1987
540,15363,fortis,10.24,8.11,1987
541,15286,fortis,9.2,8.2,1987
542,15019,fortis,9.3,8.2,1987
543,16112,fortis,10.04,8.21,1987
544,15270,fortis,10.34,8.21,1987
545,15874,fortis,10.34,8.21,1987
546,16007,fortis,10.04,8.22,1987
547,14860,fortis,9.86,8.23,1987
548,10313,fortis,9.73,8.24,1987
549,15490,fortis,9.45,8.25,1987
550,15106,fortis,10.0,8.25,1987
551,13539,fortis,9.78,8.27,1987
552,14912,fortis,9.64,8.28,1987
553,13244,fortis,9.8,8.3,1987
554,14822,fortis,10.0,8.3,1987
555,14909,fortis,10.0,8.3,1987
556,15944,fortis,10.8,8.3,1987
557,16170,fortis,9.64,8.31,1987
558,15477,fortis,10.14,8.31,1987
559,15111,fortis,10.24,8.31,1987
560,14686,fortis,10.74,8.31,1987
561,15915,fortis,10.74,8.31,1987
562,15759,fortis,11.14,8.31,1987
563,15850,fortis,11.24,8.31,1987
564,15977,fortis,9.84,8.32,1987
565,14632,fortis,9.86,8.33,1987
566,14982,fortis,9.96,8.33,1987
567,13306,fortis,10.57,8.34,1987
568,13351,fortis,10.0,8.35,1987
569,15288,fortis,10.95,8.35,1987
570,15079,fortis,9.89,8.36,1987
571,15402,fortis,9.99,8.36,1987
572,15248,fortis,9.1,8.4,1987
573,13881,fortis,9.8,8.4,1987
574,15879,fortis,9.85,8.4,1987
575,4830,fortis,10.0,8.4,1987
576,15679,fortis,10.0,8.4,1987
577,15806,fortis,10.0,8.4,1987
578,5887,fortis,10.18,8.4,1987
579,15845,fortis,10.4,8.4,1987
580,14890,fortis,10.9,8.4,1987
581,15875,fortis,10.04,8.41,1987
582,15381,fortis,10.14,8.41,1987
583,15382,fortis,10.24,8.41,1987
584,15453,fortis,10.54,8.41,1987
585,5555,fortis,9.04,8.42,1987
586,15127,fortis,9.24,8.42,1987
587,14628,fortis,10.06,8.43,1987
588,15379,fortis,10.26,8.43,1987
589,14939,fortis,10.2,8.45,1987
590,10100,fortis,10.93,8.45,1987
591,16172,fortis,10.64,8.47,1987
592,15188,fortis,10.74,8.47,1987
593,14611,fortis,9.4,8.5,1987
594,14025,fortis,9.55,8.5,1987
595,14970,fortis,9.8,8.5,1987
596,15970,fortis,9.83,8.5,1987
597,10760,fortis,10.0,8.5,1987
598,15706,fortis,10.0,8.5,1987
599,14762,fortis,10.3,8.5,1987
600,15829,fortis,10.6,8.5,1987
601,14743,fortis,11.5,8.5,1987
602,15933,fortis,10.24,8.51,1987
603,14836,fortis,10.5,8.51,1987
604,15940,fortis,10.84,8.51,1987
605,15995,fortis,9.94,8.52,1987
606,14704,fortis,10.36,8.53,1987
607,5685,fortis,9.8,8.55,1987
608,14833,fortis,10.09,8.56,1987
609,1536,fortis,9.8,8.6,1987
610,15163,fortis,9.9,8.6,1987
611,5556,fortis,10.0,8.6,1987
612,14902,fortis,10.0,8.6,1987
613,15342,fortis,10.0,8.6,1987
614,14894,fortis,10.1,8.6,1987
615,15761,fortis,11.3,8.6,1987
616,5628,fortis,12.0,8.6,1987
617,15497,fortis,10.14,8.61,1987
618,14932,fortis,10.34,8.61,1987
619,15374,fortis,10.34,8.61,1987
620,15175,fortis,10.54,8.61,1987
621,15724,fortis,10.54,8.61,1987
622,15680,fortis,10.94,8.61,1987
623,14827,fortis,11.04,8.61,1987
624,15296,fortis,11.14,8.61,1987
625,15711,fortis,11.14,8.61,1987
626,10066,fortis,11.24,8.61,1987
627,15322,fortis,12.14,8.61,1987
628,15262,fortis,9.94,8.62,1987
629,14840,fortis,9.95,8.62,1987
630,4229,fortis,10.05,8.62,1987
631,13195,fortis,10.35,8.62,1987
632,14829,fortis,10.86,8.63,1987
633,13994,fortis,10.18,8.64,1987
634,15464,fortis,9.45,8.65,1987
635,15865,fortis,10.19,8.66,1987
636,14831,fortis,10.84,8.66,1987
637,13269,fortis,9.4,8.7,1987
638,15184,fortis,9.5,8.7,1987
639,14096,fortis,9.8,8.7,1987
640,15245,fortis,9.85,8.7,1987
641,15143,fortis,10.0,8.7,1987
642,15712,fortis,10.1,8.7,1987
643,4715,fortis,10.4,8.7,1987
644,14832,fortis,10.45,8.7,1987
645,15757,fortis,10.57,8.7,1987
646,14694,fortis,10.8,8.7,1987
647,15388,fortis,10.9,8.7,1987
648,15224,fortis,11.4,8.7,1987
649,15018,fortis,9.64,8.71,1987
650,15981,fortis,10.04,8.71,1987
651,15228,fortis,10.24,8.71,1987
652,15663,fortis,10.44,8.71,1987
653,15983,fortis,10.54,8.71,1987
654,10198,fortis,10.64,8.71,1987
655,15657,fortis,10.84,8.71,1987
656,15990,fortis,10.94,8.71,1987
657,15123,fortis,11.14,8.71,1987
658,15855,fortis,11.14,8.71,1987
659,15005,fortis,11.29,8.71,1987
660,15617,fortis,11.79,8.71,1987
661,14880,fortis,9.84,8.72,1987
662,14742,fortis,11.15,8.72,1987
663,15080,fortis,9.76,8.73,1987
664,15273,fortis,10.06,8.73,1987
665,4859,fortis,10.87,8.73,1987
666,14767,fortis,11.86,8.73,1987
667,5602,fortis,10.83,8.74,1987
668,15978,fortis,10.39,8.76,1987
669,15246,fortis,10.64,8.76,1987
670,15264,fortis,9.7,8.77,1987
671,14867,fortis,10.09,8.77,1987
672,13687,fortis,10.67,8.77,1987
673,15306,fortis,10.95,8.77,1987
674,10347,fortis,9.96,8.79,1987
675,15420,fortis,9.7,8.8,1987
676,16016,fortis,9.97,8.8,1987
677,14042,fortis,10.1,8.8,1987
678,14797,fortis,10.37,8.8,1987
679,14761,fortis,10.9,8.8,1987
680,14858,fortis,10.9,8.8,1987
681,2749,fortis,11.1,8.8,1987
682,15244,fortis,11.15,8.8,1987
683,5872,fortis,11.8,8.8,1987
684,14680,fortis,10.14,8.81,1987
685,14763,fortis,10.19,8.81,1987
686,14892,fortis,10.24,8.81,1987
687,15176,fortis,10.24,8.81,1987
688,14795,fortis,10.54,8.81,1987
689,15040,fortis,10.54,8.81,1987
690,15733,fortis,10.54,8.81,1987
691,15367,fortis,10.74,8.81,1987
692,14535,fortis,11.24,8.81,1987
693,15268,fortis,11.24,8.81,1987
694,15883,fortis,10.05,8.82,1987
695,15220,fortis,10.24,8.82,1987
696,15430,fortis,10.94,8.82,1987
697,15404,fortis,10.59,8.86,1987
698,14841,fortis,9.9,8.87,1987
699,15313,fortis,10.04,8.87,1987
700,14868,fortis,10.35,8.87,1987
701,13385,fortis,11.2,8.87,1987
702,15301,fortis,11.8,8.88,1987
703,5626,fortis,11.1,8.89,1987
704,14928,fortis,10.0,8.9,1987
705,5965,fortis,10.1,8.9,1987
706,15182,fortis,10.1,8.9,1987
707,16162,fortis,10.13,8.9,1987
708,13582,fortis,10.2,8.9,1987
709,14811,fortis,10.33,8.9,1987
710,5669,fortis,10.4,8.9,1987
711,10703,fortis,10.4,8.9,1987
712,14684,fortis,10.7,8.9,1987
713,14809,fortis,10.7,8.9,1987
714,10548,fortis,10.9,8.9,1987
715,15387,fortis,10.9,8.9,1987
716,5721,fortis,11.1,8.9,1987
717,14808,fortis,11.6,8.9,1987
718,15223,fortis,11.6,8.9,1987
719,15795,fortis,11.8,8.9,1987
720,15274,fortis,10.44,8.91,1987
721,14664,fortis,10.54,8.91,1987
722,15854,fortis,10.64,8.91,1987
723,15941,fortis,10.74,8.91,1987
724,14258,fortis,10.76,8.91,1987
725,15852,fortis,10.79,8.91,1987
726,15132,fortis,10.84,8.91,1987
727,15659,fortis,11.04,8.91,1987
728,15431,fortis,11.29,8.91,1987
729,15378,fortis,11.84,8.91,1987
730,14749,fortis,10.04,8.92,1987
731,14533,fortis,11.1,8.92,1987
732,15348,fortis,11.2,8.92,1987
733,14636,fortis,10.76,8.93,1987
734,14671,fortis,10.76,8.93,1987
735,13575,fortis,11.0,8.93,1987
736,14685,fortis,11.46,8.93,1987
737,2639,fortis,10.3,8.95,1987
738,14478,fortis,10.9,8.95,1987
739,14681,fortis,9.94,8.96,1987
740,15630,fortis,10.24,8.96,1987
741,15229,fortis,10.99,8.96,1987
742,15337,fortis,10.47,8.97,1987
743,15332,fortis,10.7,8.97,1987
744,5330,fortis,12.21,8.97,1987
745,14403,fortis,10.35,8.98,1987
746,15232,fortis,10.52,8.98,1987
747,5554,fortis,10.0,9.0,1987
748,15054,fortis,10.3,9.0,1987
749,15157,fortis,10.6,9.0,1987
750,15488,fortis,10.75,9.0,1987
751,15241,fortis,10.8,9.0,1987
752,14915,fortis,11.0,9.0,1987
753,14788,fortis,12.0,9.0,1987
754,14846,fortis,10.04,9.01,1987
755,15631,fortis,10.24,9.01,1987
756,15715,fortis,10.24,9.01,1987
757,15496,fortis,10.34,9.01,1987
758,15758,fortis,10.34,9.01,1987
759,15791,fortis,10.64,9.01,1987
760,15311,fortis,11.24,9.01,1987
761,15684,fortis,11.54,9.01,1987
762,15785,fortis,11.54,9.01,1987
763,15465,fortis,10.74,9.02,1987
764,14712,fortis,11.04,9.02,1987
765,15230,fortis,10.1,9.03,1987
766,15318,fortis,10.76,9.03,1987
767,14356,fortis,10.04,9.04,1987
768,5389,fortis,10.27,9.04,1987
769,10232,fortis,10.87,9.04,1987
770,4936,fortis,10.0,9.05,1987
771,5587,fortis,10.35,9.05,1987
772,14741,fortis,11.04,9.06,1987
773,13486,fortis,9.98,9.07,1987
774,13579,fortis,10.03,9.07,1987
775,15822,fortis,10.49,9.07,1987
776,15412,fortis,10.5,9.07,1987
777,15153,fortis,10.57,9.07,1987
778,15055,fortis,10.8,9.07,1987
779,14669,fortis,11.34,9.07,1987
780,15863,fortis,11.69,9.07,1987
781,10102,fortis,10.98,9.08,1987
782,14883,fortis,11.51,9.08,1987
783,13522,fortis,9.66,9.09,1987
784,10685,fortis,10.46,9.09,1987
785,14872,fortis,9.7,9.1,1987
786,15333,fortis,10.5,9.1,1987
787,14765,fortis,10.6,9.1,1987
788,15389,fortis,10.83,9.1,1987
789,13932,fortis,10.9,9.1,1987
790,13365,fortis,11.3,9.1,1987
791,15066,fortis,11.4,9.1,1987
792,14723,fortis,12.0,9.1,1987
793,14659,fortis,10.24,9.11,1987
794,16111,fortis,10.24,9.11,1987
795,15011,fortis,10.34,9.11,1987
796,15047,fortis,10.35,9.11,1987
797,15781,fortis,10.89,9.11,1987
798,14826,fortis,10.9,9.11,1987
799,15499,fortis,11.04,9.11,1987
800,15065,fortis,11.09,9.11,1987
801,15832,fortis,11.14,9.11,1987
802,15934,fortis,11.14,9.11,1987
803,14784,fortis,11.34,9.11,1987
804,15611,fortis,11.34,9.11,1987
805,15325,fortis,11.54,9.11,1987
806,14672,fortis,10.54,9.12,1987
807,14347,fortis,10.63,9.12,1987
808,15105,fortis,10.85,9.12,1987
809,15233,fortis,10.85,9.12,1987
810,14838,fortis,10.95,9.12,1987
811,15359,fortis,11.04,9.12,1987
812,5828,fortis,11.25,9.12,1987
813,14824,fortis,11.25,9.12,1987
814,15048,fortis,10.46,9.13,1987
815,15321,fortis,11.96,9.13,1987
816,5817,fortis,10.49,9.14,1987
817,13690,fortis,10.73,9.14,1987
818,5507,fortis,11.07,9.14,1987
819,5858,fortis,10.45,9.15,1987
820,16089,fortis,10.65,9.15,1987
821,5718,fortis,10.71,9.15,1987
822,15408,fortis,11.2,9.15,1987
823,14692,fortis,11.25,9.15,1987
824,15027,fortis,10.37,9.17,1987
825,14518,fortis,10.72,9.17,1987
826,13389,fortis,12.22,9.19,1987
827,14871,fortis,9.5,9.2,1987
828,14041,fortis,10.0,9.2,1987
829,15126,fortis,10.2,9.2,1987
830,15369,fortis,10.4,9.2,1987
831,5826,fortis,10.55,9.2,1987
832,14100,fortis,10.6,9.2,1987
833,15125,fortis,10.6,9.2,1987
834,5927,fortis,10.7,9.2,1987
835,10213,fortis,10.7,9.2,1987
836,14062,fortis,10.7,9.2,1987
837,14879,fortis,10.7,9.2,1987
838,14854,fortis,10.75,9.2,1987
839,15056,fortis,10.8,9.2,1987
840,14652,fortis,10.9,9.2,1987
841,15450,fortis,10.9,9.2,1987
842,15601,fortis,10.9,9.2,1987
843,10023,fortis,11.0,9.2,1987
844,14921,fortis,11.3,9.2,1987
845,15926,fortis,11.9,9.2,1987
846,15151,fortis,10.24,9.21,1987
847,15263,fortis,10.39,9.21,1987
848,2833,fortis,10.63,9.21,1987
849,15707,fortis,10.84,9.21,1987
850,15454,fortis,11.14,9.21,1987
851,15409,fortis,11.24,9.21,1987
852,15985,fortis,11.24,9.21,1987
853,15215,fortis,11.34,9.21,1987
854,15261,fortis,11.34,9.21,1987
855,15903,fortis,12.14,9.21,1987
856,5725,fortis,11.03,9.22,1987
857,15772,fortis,11.04,9.22,1987
858,14605,fortis,11.2,9.22,1987
859,14696,fortis,11.06,9.23,1987
860,14701,fortis,11.16,9.23,1987
861,2737,fortis,10.21,9.24,1987
862,14124,fortis,10.97,9.24,1987
863,13708,fortis,11.83,9.24,1987
864,14732,fortis,10.9,9.25,1987
865,15710,fortis,11.0,9.25,1987
866,15727,fortis,11.0,9.25,1987
867,14679,fortis,10.5,9.27,1987
868,15396,fortis,10.63,9.27,1987
869,14956,fortis,10.85,9.27,1987
870,15373,fortis,11.45,9.27,1987
871,14901,fortis,10.1,9.3,1987
872,15247,fortis,10.3,9.3,1987
873,2738,fortis,10.4,9.3,1987
874,14279,fortis,10.5,9.3,1987
875,15399,fortis,10.6,9.3,1987
876,15130,fortis,10.9,9.3,1987
877,15174,fortis,10.9,9.3,1987
878,10183,fortis,11.0,9.3,1987
879,14471,fortis,11.0,9.3,1987
880,15289,fortis,11.15,9.3,1987
881,15428,fortis,11.15,9.3,1987
882,2537,fortis,11.3,9.3,1987
883,2666,fortis,12.81,9.3,1987
884,14896,fortis,10.09,9.31,1987
885,15971,fortis,10.84,9.31,1987
886,15189,fortis,10.94,9.31,1987
887,15500,fortis,11.04,9.31,1987
888,15820,fortis,11.04,9.31,1987
889,15474,fortis,11.14,9.31,1987
890,15938,fortis,11.14,9.31,1987
891,15987,fortis,11.14,9.31,1987
892,15463,fortis,11.24,9.31,1987
893,15746,fortis,11.24,9.31,1987
894,15801,fortis,11.24,9.31,1987
895,15739,fortis,11.34,9.31,1987
896,14643,fortis,10.95,9.32,1987
897,15310,fortis,10.66,9.33,1987
898,14770,fortis,10.96,9.33,1987
899,14792,fortis,10.96,9.33,1987
900,15191,fortis,11.56,9.33,1987
901,14744,fortis,10.4,9.35,1987
902,15950,fortis,10.6,9.35,1987
903,15788,fortis,10.75,9.35,1987
904,15376,fortis,10.9,9.35,1987
905,10716,fortis,10.73,9.37,1987
906,15155,fortis,11.2,9.37,1987
907,14874,fortis,9.9,9.4,1987
908,15326,fortis,10.0,9.4,1987
909,14629,fortis,10.2,9.4,1987
910,15238,fortis,10.4,9.4,1987
911,14705,fortis,10.5,9.4,1987
912,15838,fortis,11.1,9.4,1987
913,10826,fortis,11.2,9.4,1987
914,14171,fortis,11.3,9.4,1987
915,15346,fortis,11.8,9.4,1987
916,15426,fortis,10.34,9.41,1987
917,15633,fortis,11.24,9.41,1987
918,15709,fortis,11.44,9.41,1987
919,15904,fortis,11.54,9.41,1987
920,15323,fortis,12.04,9.41,1987
921,15152,fortis,10.94,9.42,1987
922,15605,fortis,11.1,9.42,1987
923,14546,fortis,11.67,9.42,1987
924,14923,fortis,13.57,9.42,1987
925,15129,fortis,10.61,9.43,1987
926,15165,fortis,10.66,9.43,1987
927,14641,fortis,10.96,9.43,1987
928,14794,fortis,10.96,9.43,1987
929,13409,fortis,11.21,9.43,1987
930,15110,fortis,11.55,9.43,1987
931,14884,fortis,11.96,9.43,1987
932,10330,fortis,10.67,9.44,1987
933,2658,fortis,10.8,9.44,1987
934,13552,fortis,11.3,9.44,1987
935,15482,fortis,10.8,9.45,1987
936,14900,fortis,11.0,9.45,1987
937,5635,fortis,11.51,9.45,1987
938,15929,fortis,11.6,9.45,1987
939,13704,fortis,10.67,9.47,1987
940,14766,fortis,10.77,9.47,1987
941,14940,fortis,11.3,9.47,1987
942,15308,fortis,11.55,9.47,1987
943,14823,fortis,11.6,9.47,1987
944,14722,fortis,12.15,9.47,1987
945,15613,fortis,10.4,9.5,1987
946,13644,fortis,10.5,9.5,1987
947,15360,fortis,10.5,9.5,1987
948,15939,fortis,10.5,9.5,1987
949,16168,fortis,10.5,9.5,1987
950,15395,fortis,10.8,9.5,1987
951,15885,fortis,10.8,9.5,1987
952,10081,fortis,10.9,9.5,1987
953,15648,fortis,10.9,9.5,1987
954,15734,fortis,10.9,9.5,1987
955,15398,fortis,11.0,9.5,1987
956,10670,fortis,11.1,9.5,1987
957,15041,fortis,11.1,9.5,1987
958,2862,fortis,11.15,9.5,1987
959,14675,fortis,11.2,9.5,1987
960,14687,fortis,11.5,9.5,1987
961,14957,fortis,11.8,9.5,1987
962,15447,fortis,12.9,9.5,1987
963,15042,fortis,11.04,9.51,1987
964,15028,fortis,11.14,9.51,1987
965,15642,fortis,11.14,9.51,1987
966,15329,fortis,11.24,9.51,1987
967,15660,fortis,11.24,9.51,1987
968,15714,fortis,11.24,9.51,1987
969,15767,fortis,11.64,9.51,1987
970,15316,fortis,11.84,9.51,1987
971,14948,fortis,10.7,9.52,1987
972,14621,fortis,11.2,9.52,1987
973,14720,fortis,12.0,9.52,1987
974,14937,fortis,11.36,9.53,1987
975,15131,fortis,11.86,9.53,1987
976,15616,fortis,12.16,9.53,1987
977,15840,fortis,10.85,9.55,1987
978,14893,fortis,11.0,9.55,1987
979,14958,fortis,11.29,9.56,1987
980,14676,fortis,11.0,9.57,1987
981,14839,fortis,11.94,9.57,1987
982,15370,fortis,12.25,9.57,1987
983,5335,fortis,11.96,9.59,1987
984,10751,fortis,10.0,9.6,1987
985,14713,fortis,10.4,9.6,1987
986,14615,fortis,10.7,9.6,1987
987,14825,fortis,10.7,9.6,1987
988,14040,fortis,10.8,9.6,1987
989,16117,fortis,10.8,9.6,1987
990,13075,fortis,10.85,9.6,1987
991,15339,fortis,10.9,9.6,1987
992,2847,fortis,11.0,9.6,1987
993,14916,fortis,11.1,9.6,1987
994,15390,fortis,11.15,9.6,1987
995,4843,fortis,11.17,9.6,1987
996,14492,fortis,11.2,9.6,1987
997,5560,fortis,11.3,9.6,1987
998,14678,fortis,11.5,9.6,1987
999,14866,fortis,11.7,9.6,1987
1000,15612,fortis,11.9,9.6,1987
1001,15158,fortis,12.1,9.6,1987
1002,14793,fortis,9.14,9.61,1987
1003,10194,fortis,11.02,9.61,1987
1004,15949,fortis,11.04,9.61,1987
1005,15475,fortis,11.24,9.61,1987
1006,15722,fortis,11.24,9.61,1987
1007,15210,fortis,11.44,9.61,1987
1008,15839,fortis,11.44,9.61,1987
1009,15908,fortis,11.44,9.61,1987
1010,15049,fortis,11.54,9.61,1987
1011,15764,fortis,11.54,9.61,1987
1012,15667,fortis,10.84,9.62,1987
1013,15004,fortis,10.5,9.63,1987
1014,15293,fortis,10.86,9.63,1987
1015,14774,fortis,11.06,9.63,1987
1016,14842,fortis,11.15,9.63,1987
1017,15969,fortis,11.26,9.63,1987
1018,14790,fortis,11.36,9.63,1987
1019,14887,fortis,12.16,9.63,1987
1020,14677,fortis,11.6,9.65,1987
1021,14710,fortis,11.65,9.65,1987
1022,4378,fortis,10.64,9.66,1987
1023,5586,fortis,10.2,9.67,1987
1024,15197,fortis,11.04,9.67,1987
1025,10550,fortis,11.88,9.69,1987
1026,14917,fortis,10.3,9.7,1987
1027,14816,fortis,10.7,9.7,1987
1028,4899,fortis,10.87,9.7,1987
1029,4911,fortis,11.0,9.7,1987
1030,15196,fortis,11.0,9.7,1987
1031,15607,fortis,11.0,9.7,1987
1032,16173,fortis,11.13,9.7,1987
1033,14751,fortis,11.2,9.7,1987
1034,15113,fortis,11.2,9.7,1987
1035,14688,fortis,11.3,9.7,1987
1036,13807,fortis,11.4,9.7,1987
1037,15001,fortis,11.4,9.7,1987
1038,15239,fortis,11.04,9.71,1987
1039,15212,fortis,11.14,9.71,1987
1040,15753,fortis,11.14,9.71,1987
1041,10228,fortis,11.24,9.71,1987
1042,15644,fortis,11.24,9.71,1987
1043,14609,fortis,11.29,9.71,1987
1044,15655,fortis,10.34,9.72,1987
1045,14617,fortis,11.14,9.72,1987
1046,13837,fortis,11.58,9.72,1987
1047,15172,fortis,11.84,9.72,1987
1048,14670,fortis,12.44,9.72,1987
1049,14736,fortis,10.96,9.73,1987
1050,15012,fortis,11.46,9.73,1987
1051,14807,fortis,11.67,9.73,1987
1052,13945,fortis,10.43,9.74,1987
1053,14412,fortis,10.73,9.74,1987
1054,3569,fortis,10.94,9.74,1987
1055,15857,fortis,11.94,9.76,1987
1056,15478,fortis,11.1,9.77,1987
1057,15930,fortis,12.05,9.77,1987
1058,14739,fortis,10.81,9.78,1987
1059,14633,fortis,11.29,9.78,1987
1060,14674,fortis,10.5,9.8,1987
1061,13201,fortis,10.7,9.8,1987
1062,5026,fortis,10.9,9.8,1987
1063,15193,fortis,10.9,9.8,1987
1064,14746,fortis,11.0,9.8,1987
1065,14963,fortis,11.0,9.8,1987
1066,14971,fortis,11.0,9.8,1987
1067,15385,fortis,11.1,9.8,1987
1068,15015,fortis,11.2,9.8,1987
1069,5505,fortis,11.4,9.8,1987
1070,15621,fortis,11.6,9.8,1987
1071,14987,fortis,11.7,9.8,1987
1072,14820,fortis,11.8,9.8,1987
1073,14889,fortis,11.8,9.8,1987
1074,5504,fortis,11.9,9.8,1987
1075,15302,fortis,12.3,9.8,1987
1076,14942,fortis,11.19,9.81,1987
1077,14856,fortis,11.24,9.81,1987
1078,14849,fortis,11.34,9.81,1987
1079,15203,fortis,11.49,9.81,1987
1080,15670,fortis,11.64,9.81,1987
1081,15371,fortis,11.74,9.81,1987
1082,15856,fortis,11.74,9.81,1987
1083,15377,fortis,10.94,9.82,1987
1084,15979,fortis,11.04,9.82,1987
1085,14796,fortis,11.15,9.82,1987
1086,15145,fortis,11.3,9.82,1987
1087,15058,fortis,10.96,9.83,1987
1088,15692,fortis,11.16,9.83,1987
1089,15033,fortis,11.26,9.83,1987
1090,15255,fortis,12.1,9.83,1987
1091,14620,fortis,10.7,9.85,1987
1092,13781,fortis,12.3,9.85,1987
1093,5625,fortis,10.94,9.86,1987
1094,14783,fortis,11.39,9.86,1987
1095,15053,fortis,12.01,9.86,1987
1096,15150,fortis,10.94,9.87,1987
1097,5921,fortis,11.2,9.87,1987
1098,15358,fortis,11.34,9.87,1987
1099,15383,fortis,11.7,9.87,1987
1100,14886,fortis,11.86,9.88,1987
1101,5570,fortis,10.8,9.9,1987
1102,13975,fortis,11.0,9.9,1987
1103,14930,fortis,11.2,9.9,1987
1104,15433,fortis,11.3,9.9,1987
1105,5400,fortis,11.5,9.9,1987
1106,15473,fortis,11.5,9.9,1987
1107,15124,fortis,11.7,9.9,1987
1108,5614,fortis,11.8,9.9,1987
1109,10305,fortis,11.82,9.9,1987
1110,15148,fortis,11.9,9.9,1987
1111,15849,fortis,12.0,9.9,1987
1112,15665,fortis,11.14,9.91,1987
1113,14955,fortis,11.74,9.91,1987
1114,14721,fortis,11.84,9.91,1987
1115,15682,fortis,12.24,9.91,1987
1116,4721,fortis,10.95,9.92,1987
1117,14660,fortis,11.14,9.92,1987
1118,15355,fortis,11.84,9.92,1987
1119,15653,fortis,11.84,9.92,1987
1120,14711,fortis,12.05,9.92,1987
1121,15281,fortis,12.17,9.92,1987
1122,4190,fortis,11.04,9.93,1987
1123,15650,fortis,11.06,9.93,1987
1124,15112,fortis,11.16,9.93,1987
1125,14974,fortis,11.46,9.93,1987
1126,10080,fortis,11.1,9.95,1987
1127,14943,fortis,11.85,9.95,1987
1128,13760,fortis,10.67,9.96,1987
1129,14689,fortis,11.2,9.96,1987
1130,14117,fortis,10.6,10.0,1987
1131,15674,fortis,10.6,10.0,1987
1132,10679,fortis,10.9,10.0,1987
1133,5963,fortis,11.0,10.0,1987
1134,14818,fortis,11.0,10.0,1987
1135,15749,fortis,11.0,10.0,1987
1136,14781,fortis,11.1,10.0,1987
1137,13231,fortis,11.13,10.0,1987
1138,14174,fortis,11.2,10.0,1987
1139,2776,fortis,11.3,10.0,1987
1140,15140,fortis,11.3,10.0,1987
1141,14745,fortis,11.5,10.0,1987
1142,15951,fortis,11.5,10.0,1987
1143,15291,fortis,11.7,10.0,1987
1144,14752,fortis,11.9,10.0,1987
1145,14772,fortis,12.0,10.0,1987
1146,15603,fortis,12.8,10.0,1987
1147,15062,fortis,11.44,10.01,1987
1148,15003,fortis,11.94,10.01,1987
1149,14961,fortis,11.84,10.02,1987
1150,14346,fortis,11.93,10.02,1987
1151,15073,fortis,10.66,10.03,1987
1152,5860,fortis,11.55,10.05,1987
1153,15681,fortis,12.29,10.06,1987
1154,14817,fortis,11.5,10.07,1987
1155,14618,fortis,11.16,10.08,1987
1156,13300,fortis,11.06,10.09,1987
1157,15183,fortis,11.2,10.1,1987
1158,13413,fortis,11.3,10.1,1987
1159,15897,fortis,11.6,10.1,1987
1160,15249,fortis,11.7,10.1,1987
1161,15199,fortis,11.34,10.11,1987
1162,15920,fortis,11.44,10.11,1987
1163,15099,fortis,11.49,10.11,1987
1164,14865,fortis,11.74,10.11,1987
1165,14333,fortis,11.03,10.12,1987
1166,5789,fortis,11.28,10.12,1987
1167,15309,fortis,11.45,10.12,1987
1168,15317,fortis,11.84,10.12,1987
1169,14895,fortis,10.96,10.13,1987
1170,14738,fortis,11.26,10.13,1987
1171,14926,fortis,12.66,10.13,1987
1172,15448,fortis,13.96,10.13,1987
1173,14812,fortis,11.05,10.15,1987
1174,5960,fortis,11.4,10.15,1987
1175,15461,fortis,11.44,10.16,1987
1176,4677,fortis,11.02,10.17,1987
1177,13595,fortis,11.4,10.17,1987
1178,14656,fortis,11.9,10.17,1987
1179,14657,fortis,10.25,10.2,1987
1180,14992,fortis,11.0,10.2,1987
1181,14777,fortis,11.6,10.2,1987
1182,15304,fortis,12.3,10.2,1987
1183,14619,fortis,11.54,10.21,1987
1184,14753,fortis,11.54,10.21,1987
1185,14650,fortis,11.74,10.21,1987
1186,15315,fortis,11.74,10.21,1987
1187,14627,fortis,10.86,10.23,1987
1188,15295,fortis,11.96,10.23,1987
1189,10658,fortis,11.15,10.27,1987
1190,4946,fortis,11.42,10.27,1987
1191,14655,fortis,11.33,10.29,1987
1192,5731,fortis,10.8,10.3,1987
1193,5559,fortis,11.0,10.3,1987
1194,15338,fortis,11.1,10.3,1987
1195,10622,fortis,11.3,10.3,1987
1196,2984,fortis,11.4,10.3,1987
1197,14851,fortis,11.4,10.3,1987
1198,5060,fortis,11.8,10.3,1987
1199,14003,fortis,11.8,10.32,1987
1200,5844,fortis,11.83,10.32,1987
1201,14805,fortis,11.06,10.33,1987
1202,3527,fortis,11.79,10.33,1987
1203,14919,fortis,11.87,10.33,1987
1204,15830,fortis,12.27,10.33,1987
1205,14468,fortis,11.83,10.34,1987
1206,5847,fortis,11.93,10.34,1987
1207,2753,fortis,10.89,10.35,1987
1208,15471,fortis,11.6,10.35,1987
1209,15609,fortis,11.8,10.35,1987
1210,15444,fortis,12.85,10.35,1987
1211,15025,fortis,11.29,10.37,1987
1212,14873,fortis,11.6,10.4,1987
1213,15101,fortis,11.7,10.4,1987
1214,15458,fortis,11.9,10.4,1987
1215,15037,fortis,12.0,10.4,1987
1216,15171,fortis,12.0,10.4,1987
1217,14925,fortis,12.75,10.4,1987
1218,15411,fortis,12.24,10.41,1987
1219,14616,fortis,11.65,10.42,1987
1220,14922,fortis,11.76,10.43,1987
1221,5905,fortis,11.86,10.43,1987
1222,4993,fortis,11.44,10.45,1987
1223,14662,fortis,11.0,10.5,1987
1224,5904,fortis,11.1,10.5,1987
1225,10181,fortis,11.1,10.5,1987
1226,15702,fortis,11.7,10.5,1987
1227,5543,fortis,11.8,10.5,1987
1228,720,fortis,12.2,10.5,1987
1229,15413,fortis,11.54,10.51,1987
1230,15392,fortis,11.64,10.51,1987
1231,15947,fortis,11.94,10.51,1987
1232,15955,fortis,12.34,10.51,1987
1233,15021,fortis,11.0,10.52,1987
1234,14625,fortis,11.84,10.52,1987
1235,14651,fortis,11.84,10.52,1987
1236,14848,fortis,11.36,10.53,1987
1237,15147,fortis,11.46,10.53,1987
1238,15980,fortis,11.56,10.53,1987
1239,4876,fortis,10.34,10.55,1987
1240,1469,fortis,11.73,10.56,1987
1241,15372,fortis,12.25,10.57,1987
1242,5649,fortis,11.55,10.59,1987
1243,3393,fortis,11.7,10.6,1987
1244,15216,fortis,11.9,10.6,1987
1245,15688,fortis,11.54,10.61,1987
1246,5821,fortis,12.32,10.62,1987
1247,14870,fortis,11.95,10.67,1987
1248,13407,fortis,11.27,10.68,1987
1249,14993,fortis,12.3,10.7,1987
1250,14663,fortis,11.65,10.72,1987
1251,14991,fortis,12.4,10.72,1987
1252,15170,fortis,12.84,10.72,1987
1253,14804,fortis,11.76,10.73,1987
1254,1774,fortis,11.9,10.75,1987
1255,14149,fortis,10.9,10.8,1987
1256,14622,fortis,11.0,10.8,1987
1257,15948,fortis,11.6,10.8,1987
1258,2536,fortis,11.44,10.84,1987
1259,14624,fortis,11.85,10.85,1987
1260,2743,fortis,12.1,10.85,1987
1261,5370,fortis,12.73,10.88,1987
1262,14706,fortis,11.5,10.9,1987
1263,15825,fortis,11.8,10.9,1987
1264,10178,fortis,11.7,11.0,1987
1265,15910,fortis,11.85,11.0,1987
1266,15976,fortis,12.2,11.0,1987
1267,14550,fortis,13.65,11.02,1987
1268,13487,fortis,11.78,11.07,1987
1269,14649,fortis,11.7,11.1,1987
1270,4986,fortis,11.87,11.17,1987
1271,15651,fortis,12.8,11.2,1987
1272,15954,fortis,12.04,11.21,1987
1273,15905,fortis,11.46,11.38,1987
1274,14442,fortis,11.53,11.38,1987
1275,14408,fortis,11.23,11.49,1987
1276,15877,fortis,12.26,11.53,1987
1277,5110,fortis,14.07,12.37,1987
1278,3597,fortis,13.03,12.7,1987
1279,15718,scandens,10.75,7.77,1987
1280,5594,scandens,13.73,7.94,1987
1281,15235,scandens,14.04,7.96,1987
1282,15252,scandens,12.5,8.0,1987
1283,15847,scandens,12.64,8.01,1987
1284,15139,scandens,12.66,8.23,1987
1285,15237,scandens,13.0,8.3,1987
1286,4045,scandens,13.15,8.36,1987
1287,8443,scandens,13.96,8.37,1987
1288,15798,scandens,13.15,8.4,1987
1289,14786,scandens,13.7,8.4,1987
1290,364,scandens,14.0,8.4,1987
1291,10001,scandens,13.43,8.41,1987
1292,15119,scandens,14.0,8.5,1987
1293,15676,scandens,14.9,8.5,1987
1294,15476,scandens,13.6,8.6,1987
1295,14576,scandens,13.8,8.6,1987
1296,15419,scandens,14.9,8.6,1987
1297,15635,scandens,13.94,8.61,1987
1298,2733,scandens,14.81,8.67,1987
1299,15751,scandens,12.5,8.7,1987
1300,14834,scandens,13.75,8.7,1987
1301,4109,scandens,14.0,8.7,1987
1302,15901,scandens,14.5,8.7,1987
1303,14830,scandens,14.7,8.7,1987
1304,15086,scandens,14.05,8.72,1987
1305,15986,scandens,14.17,8.72,1987
1306,4223,scandens,15.07,8.77,1987
1307,15725,scandens,11.5,8.8,1987
1308,13554,scandens,13.5,8.8,1987
1309,15407,scandens,13.87,8.8,1987
1310,3425,scandens,14.9,8.8,1987
1311,15704,scandens,12.34,8.81,1987
1312,15102,scandens,14.34,8.81,1987
1313,5582,scandens,15.07,8.87,1987
1314,15121,scandens,14.01,8.88,1987
1315,10770,scandens,12.86,8.89,1987
1316,14755,scandens,13.6,8.9,1987
1317,13555,scandens,13.8,8.9,1987
1318,15765,scandens,13.85,8.9,1987
1319,15243,scandens,13.9,8.9,1987
1320,8441,scandens,14.1,8.9,1987
1321,10067,scandens,14.1,8.9,1987
1322,15406,scandens,14.2,8.9,1987
1323,15234,scandens,14.3,8.9,1987
1324,15608,scandens,14.9,8.9,1987
1325,14758,scandens,13.84,8.91,1987
1326,14835,scandens,14.09,8.91,1987
1327,15882,scandens,14.05,8.92,1987
1328,14787,scandens,14.15,8.93,1987
1329,14727,scandens,14.25,8.93,1987
1330,5351,scandens,13.6,8.95,1987
1331,15859,scandens,14.57,8.95,1987
1332,15721,scandens,11.89,8.96,1987
1333,5663,scandens,13.8,8.97,1987
1334,2543,scandens,14.21,8.97,1987
1335,5013,scandens,14.76,8.99,1987
1336,10394,scandens,12.07,9.0,1987
1337,17548,scandens,13.9,9.0,1987
1338,14647,scandens,14.1,9.0,1987
1339,13548,scandens,14.3,9.0,1987
1340,5345,scandens,14.95,9.0,1987
1341,15760,scandens,14.34,9.01,1987
1342,15685,scandens,13.84,9.02,1987
1343,14731,scandens,14.04,9.02,1987
1344,14906,scandens,14.14,9.02,1987
1345,15330,scandens,12.56,9.03,1987
1346,4577,scandens,15.14,9.04,1987
1347,4744,scandens,14.35,9.05,1987
1348,10984,scandens,14.85,9.05,1987
1349,14759,scandens,14.04,9.06,1987
1350,15639,scandens,14.2,9.1,1987
1351,15090,scandens,14.3,9.1,1987
1352,4221,scandens,14.5,9.1,1987
1353,15422,scandens,14.5,9.1,1987
1354,15441,scandens,14.6,9.1,1987
1355,15736,scandens,15.0,9.1,1987
1356,4683,scandens,13.6,9.13,1987
1357,14768,scandens,14.65,9.13,1987
1358,5375,scandens,14.03,9.14,1987
1359,14843,scandens,14.16,9.18,1987
1360,2554,scandens,13.83,9.2,1987
1361,14995,scandens,14.2,9.2,1987
1362,15638,scandens,14.35,9.2,1987
1363,15837,scandens,14.45,9.2,1987
1364,10002,scandens,14.64,9.21,1987
1365,14584,scandens,15.04,9.21,1987
1366,14730,scandens,13.9,9.22,1987
1367,3458,scandens,14.34,9.24,1987
1368,5911,scandens,14.53,9.24,1987
1369,2760,scandens,14.2,9.25,1987
1370,15812,scandens,14.85,9.25,1987
1371,5367,scandens,15.1,9.25,1987
1372,10174,scandens,15.2,9.25,1987
1373,1645,scandens,13.5,9.26,1987
1374,4090,scandens,14.95,9.26,1987
1375,5576,scandens,13.83,9.28,1987
1376,14975,scandens,13.95,9.28,1987
1377,2877,scandens,15.09,9.28,1987
1378,10206,scandens,13.43,9.3,1987
1379,4778,scandens,13.7,9.3,1987
1380,5322,scandens,14.0,9.3,1987
1381,10207,scandens,14.15,9.3,1987
1382,10740,scandens,14.75,9.3,1987
1383,8450,scandens,14.9,9.3,1987
1384,10517,scandens,15.0,9.3,1987
1385,2758,scandens,13.56,9.32,1987
1386,14729,scandens,14.26,9.33,1987
1387,10743,scandens,13.83,9.34,1987
1388,13527,scandens,14.53,9.34,1987
1389,8444,scandens,14.84,9.34,1987
1390,15738,scandens,15.0,9.35,1987
1391,2445,scandens,13.76,9.37,1987
1392,5931,scandens,13.9,9.37,1987
1393,14728,scandens,14.29,9.37,1987
1394,15615,scandens,14.63,9.37,1987
1395,14646,scandens,14.3,9.38,1987
1396,13526,scandens,13.6,9.4,1987
1397,15343,scandens,14.4,9.4,1987
1398,10105,scandens,14.9,9.4,1987
1399,14645,scandens,14.9,9.4,1987
1400,2433,scandens,14.34,9.42,1987
1401,10268,scandens,14.53,9.43,1987
1402,10245,scandens,14.65,9.45,1987
1403,4706,scandens,14.8,9.5,1987
1404,14918,scandens,16.0,9.5,1987
1405,15694,scandens,13.14,9.51,1987
1406,15421,scandens,14.44,9.51,1987
1407,14208,scandens,12.73,9.52,1987
1408,1396,scandens,15.04,9.54,1987
1409,1444,scandens,14.85,9.55,1987
1410,4051,scandens,14.2,9.6,1987
1411,10061,scandens,15.2,9.6,1987
1412,4701,scandens,16.0,9.6,1987
1413,13257,scandens,14.47,9.62,1987
1414,2949,scandens,14.54,9.64,1987
1415,14946,scandens,14.9,9.65,1987
1416,5656,scandens,14.9,9.7,1987
1417,5608,scandens,15.8,9.7,1987
1418,15352,scandens,13.46,9.73,1987
1419,15817,scandens,14.77,9.73,1987
1420,4119,scandens,14.44,9.74,1987
1421,10223,scandens,15.2,9.8,1987
1422,2969,scandens,16.0,9.8,1987
1423,14648,scandens,14.4,9.82,1987
1424,15658,scandens,14.45,9.85,1987
1425,13256,scandens,15.35,9.85,1987
1426,8425,scandens,14.2,9.9,1987
1427,14524,scandens,15.3,9.9,1987
1428,10075,scandens,14.27,9.94,1987
1429,4137,scandens,15.8,10.0,1987
1430,14847,scandens,15.3,10.1,1987
1431,15886,scandens,11.24,10.11,1987
1432,14877,scandens,15.2,10.27,1987
1433,8036,scandens,15.44,10.34,1987
1434,14579,scandens,14.96,11.33,1987
1435,2639,fortis,10.3,8.95,1991
1436,2666,fortis,12.81,9.3,1991
1437,2753,fortis,10.89,10.35,1991
1438,2776,fortis,11.3,10.0,1991
1439,4229,fortis,10.05,8.62,1991
1440,4677,fortis,11.02,10.17,1991
1441,4715,fortis,10.4,8.7,1991
1442,4899,fortis,10.87,9.7,1991
1443,4911,fortis,11.0,9.7,1991
1444,4936,fortis,10.0,9.05,1991
1445,4946,fortis,11.42,10.27,1991
1446,5026,fortis,10.9,9.8,1991
1447,5110,fortis,14.07,12.37,1991
1448,5370,fortis,12.73,10.88,1991
1449,5505,fortis,11.4,9.8,1991
1450,5555,fortis,9.04,8.42,1991
1451,5578,fortis,9.8,7.65,1991
1452,5586,fortis,10.2,9.67,1991
1453,5602,fortis,10.83,8.74,1991
1454,5625,fortis,10.94,9.86,1991
1455,5626,fortis,11.1,8.89,1991
1456,5669,fortis,10.4,8.9,1991
1457,5685,fortis,9.8,8.55,1991
1458,5721,fortis,11.1,8.9,1991
1459,5731,fortis,10.8,10.3,1991
1460,5821,fortis,12.32,10.62,1991
1461,5826,fortis,10.55,9.2,1991
1462,5860,fortis,11.55,10.05,1991
1463,5872,fortis,11.8,8.8,1991
1464,5887,fortis,10.18,8.4,1991
1465,5904,fortis,11.1,10.5,1991
1466,5905,fortis,11.86,10.43,1991
1467,5921,fortis,11.2,9.87,1991
1468,5927,fortis,10.7,9.2,1991
1469,5960,fortis,11.4,10.15,1991
1470,10081,fortis,10.9,9.5,1991
1471,10100,fortis,10.93,8.45,1991
1472,10102,fortis,10.98,9.08,1991
1473,10181,fortis,11.1,10.5,1991
1474,10213,fortis,10.7,9.2,1991
1475,10305,fortis,11.82,9.9,1991
1476,10376,fortis,9.28,7.68,1991
1477,10679,fortis,10.9,10.0,1991
1478,10826,fortis,11.2,9.4,1991
1479,13269,fortis,9.4,8.7,1991
1480,13300,fortis,11.06,10.09,1991
1481,13351,fortis,10.0,8.35,1991
1482,13385,fortis,11.2,8.87,1991
1483,13486,fortis,9.98,9.07,1991
1484,13543,fortis,10.3,8.1,1991
1485,13575,fortis,11.0,8.93,1991
1486,13595,fortis,11.4,10.17,1991
1487,13644,fortis,10.5,9.5,1991
1488,13687,fortis,10.67,8.77,1991
1489,13704,fortis,10.67,9.47,1991
1490,13837,fortis,11.58,9.72,1991
1491,13945,fortis,10.43,9.74,1991
1492,13975,fortis,11.0,9.9,1991
1493,13994,fortis,10.18,8.64,1991
1494,14003,fortis,11.8,10.32,1991
1495,14041,fortis,10.0,9.2,1991
1496,14062,fortis,10.7,9.2,1991
1497,14100,fortis,10.6,9.2,1991
1498,14117,fortis,10.6,10.0,1991
1499,14258,fortis,10.76,8.91,1991
1500,14347,fortis,10.63,9.12,1991
1501,14442,fortis,11.53,11.38,1991
1502,14468,fortis,11.83,10.34,1991
1503,14478,fortis,10.9,8.95,1991
1504,14492,fortis,11.2,9.6,1991
1505,14518,fortis,10.72,9.17,1991
1506,14533,fortis,11.1,8.92,1991
1507,14612,fortis,9.27,7.95,1991
1508,14613,fortis,9.1,7.0,1991
1509,14620,fortis,10.7,9.85,1991
1510,14624,fortis,11.85,10.85,1991
1511,14625,fortis,11.84,10.52,1991
1512,14633,fortis,11.29,9.78,1991
1513,14655,fortis,11.33,10.29,1991
1514,14656,fortis,11.9,10.17,1991
1515,14660,fortis,11.14,9.92,1991
1516,14672,fortis,10.54,9.12,1991
1517,14674,fortis,10.5,9.8,1991
1518,14676,fortis,11.0,9.57,1991
1519,14678,fortis,11.5,9.6,1991
1520,14681,fortis,9.94,8.96,1991
1521,14684,fortis,10.7,8.9,1991
1522,14686,fortis,10.74,8.31,1991
1523,14687,fortis,11.5,9.5,1991
1524,14689,fortis,11.2,9.96,1991
1525,14692,fortis,11.25,9.15,1991
1526,14694,fortis,10.8,8.7,1991
1527,14705,fortis,10.5,9.4,1991
1528,14706,fortis,11.5,10.9,1991
1529,14710,fortis,11.65,9.65,1991
1530,14720,fortis,12.0,9.52,1991
1531,14722,fortis,12.15,9.47,1991
1532,14723,fortis,12.0,9.1,1991
1533,14741,fortis,11.04,9.06,1991
1534,14745,fortis,11.5,10.0,1991
1535,14752,fortis,11.9,10.0,1991
1536,14762,fortis,10.3,8.5,1991
1537,14763,fortis,10.19,8.81,1991
1538,14777,fortis,11.6,10.2,1991
1539,14783,fortis,11.39,9.86,1991
1540,14784,fortis,11.34,9.11,1991
1541,14788,fortis,12.0,9.0,1991
1542,14796,fortis,11.15,9.82,1991
1543,14797,fortis,10.37,8.8,1991
1544,14808,fortis,11.6,8.9,1991
1545,14811,fortis,10.33,8.9,1991
1546,14812,fortis,11.05,10.15,1991
1547,14818,fortis,11.0,10.0,1991
1548,14822,fortis,10.0,8.3,1991
1549,14841,fortis,9.9,8.87,1991
1550,14846,fortis,10.04,9.01,1991
1551,14854,fortis,10.75,9.2,1991
1552,14856,fortis,11.24,9.81,1991
1553,14858,fortis,10.9,8.8,1991
1554,14866,fortis,11.7,9.6,1991
1555,14873,fortis,11.6,10.4,1991
1556,14879,fortis,10.7,9.2,1991
1557,14880,fortis,9.84,8.72,1991
1558,14890,fortis,10.9,8.4,1991
1559,14900,fortis,11.0,9.45,1991
1560,14901,fortis,10.1,9.3,1991
1561,14902,fortis,10.0,8.6,1991
1562,14909,fortis,10.0,8.3,1991
1563,14912,fortis,9.64,8.28,1991
1564,14913,fortis,9.14,7.41,1991
1565,14915,fortis,11.0,9.0,1991
1566,14919,fortis,11.87,10.33,1991
1567,14925,fortis,12.75,10.4,1991
1568,14930,fortis,11.2,9.9,1991
1569,14939,fortis,10.2,8.45,1991
1570,14955,fortis,11.74,9.91,1991
1571,14956,fortis,10.85,9.27,1991
1572,14957,fortis,11.8,9.5,1991
1573,14958,fortis,11.29,9.56,1991
1574,14963,fortis,11.0,9.8,1991
1575,14970,fortis,9.8,8.5,1991
1576,14971,fortis,11.0,9.8,1991
1577,14978,fortis,9.7,8.1,1991
1578,14983,fortis,8.83,7.32,1991
1579,15001,fortis,11.4,9.7,1991
1580,15004,fortis,10.5,9.63,1991
1581,15005,fortis,11.29,8.71,1991
1582,15014,fortis,11.04,8.02,1991
1583,15015,fortis,11.2,9.8,1991
1584,15018,fortis,9.64,8.71,1991
1585,15025,fortis,11.29,10.37,1991
1586,15027,fortis,10.37,9.17,1991
1587,15037,fortis,12.0,10.4,1991
1588,15041,fortis,11.1,9.5,1991
1589,15047,fortis,10.35,9.11,1991
1590,15049,fortis,11.54,9.61,1991
1591,15054,fortis,10.3,9.0,1991
1592,15065,fortis,11.09,9.11,1991
1593,15066,fortis,11.4,9.1,1991
1594,15079,fortis,9.89,8.36,1991
1595,15106,fortis,10.0,8.25,1991
1596,15111,fortis,10.24,8.31,1991
1597,15125,fortis,10.6,9.2,1991
1598,15127,fortis,9.24,8.42,1991
1599,15150,fortis,10.94,9.87,1991
1600,15153,fortis,10.57,9.07,1991
1601,15154,fortis,9.4,7.95,1991
1602,15158,fortis,12.1,9.6,1991
1603,15170,fortis,12.84,10.72,1991
1604,15172,fortis,11.84,9.72,1991
1605,15182,fortis,10.1,8.9,1991
1606,15183,fortis,11.2,10.1,1991
1607,15188,fortis,10.74,8.47,1991
1608,15197,fortis,11.04,9.67,1991
1609,15210,fortis,11.44,9.61,1991
1610,15220,fortis,10.24,8.82,1991
1611,15223,fortis,11.6,8.9,1991
1612,15225,fortis,10.8,7.8,1991
1613,15229,fortis,10.99,8.96,1991
1614,15230,fortis,10.1,9.03,1991
1615,15232,fortis,10.52,8.98,1991
1616,15238,fortis,10.4,9.4,1991
1617,15241,fortis,10.8,9.0,1991
1618,15244,fortis,11.15,8.8,1991
1619,15246,fortis,10.64,8.76,1991
1620,15261,fortis,11.34,9.21,1991
1621,15263,fortis,10.39,9.21,1991
1622,15277,fortis,9.95,7.9,1991
1623,15281,fortis,12.17,9.92,1991
1624,15284,fortis,9.2,7.3,1991
1625,15285,fortis,9.34,7.92,1991
1626,15286,fortis,9.2,8.2,1991
1627,15288,fortis,10.95,8.35,1991
1628,15289,fortis,11.15,9.3,1991
1629,15291,fortis,11.7,10.0,1991
1630,15309,fortis,11.45,10.12,1991
1631,15313,fortis,10.04,8.87,1991
1632,15317,fortis,11.84,10.12,1991
1633,15337,fortis,10.47,8.97,1991
1634,15339,fortis,10.9,9.6,1991
1635,15346,fortis,11.8,9.4,1991
1636,15359,fortis,11.04,9.12,1991
1637,15376,fortis,10.9,9.35,1991
1638,15383,fortis,11.7,9.87,1991
1639,15385,fortis,11.1,9.8,1991
1640,15389,fortis,10.83,9.1,1991
1641,15392,fortis,11.64,10.51,1991
1642,15396,fortis,10.63,9.27,1991
1643,15402,fortis,9.99,8.36,1991
1644,15408,fortis,11.2,9.15,1991
1645,15412,fortis,10.5,9.07,1991
1646,15428,fortis,11.15,9.3,1991
1647,15431,fortis,11.29,8.91,1991
1648,15444,fortis,12.85,10.35,1991
1649,15464,fortis,9.45,8.65,1991
1650,15471,fortis,11.6,10.35,1991
1651,15478,fortis,11.1,9.77,1991
1652,15484,fortis,9.7,7.45,1991
1653,15601,fortis,10.9,9.2,1991
1654,15607,fortis,11.0,9.7,1991
1655,15621,fortis,11.6,9.8,1991
1656,15648,fortis,10.9,9.5,1991
1657,15650,fortis,11.06,9.93,1991
1658,15651,fortis,12.8,11.2,1991
1659,15659,fortis,11.04,8.91,1991
1660,15665,fortis,11.14,9.91,1991
1661,15667,fortis,10.84,9.62,1991
1662,15679,fortis,10.0,8.4,1991
1663,15681,fortis,12.29,10.06,1991
1664,15695,fortis,9.5,7.5,1991
1665,15702,fortis,11.7,10.5,1991
1666,15706,fortis,10.0,8.5,1991
1667,15726,fortis,9.04,7.42,1991
1668,15727,fortis,11.0,9.25,1991
1669,15734,fortis,10.9,9.5,1991
1670,15757,fortis,10.57,8.7,1991
1671,15761,fortis,11.3,8.6,1991
1672,15779,fortis,9.74,7.86,1991
1673,15788,fortis,10.75,9.35,1991
1674,15822,fortis,10.49,9.07,1991
1675,15830,fortis,12.27,10.33,1991
1676,15838,fortis,11.1,9.4,1991
1677,15840,fortis,10.85,9.55,1991
1678,15845,fortis,10.4,8.4,1991
1679,15854,fortis,10.64,8.91,1991
1680,15857,fortis,11.94,9.76,1991
1681,15863,fortis,11.69,9.07,1991
1682,15873,fortis,10.0,8.0,1991
1683,15885,fortis,10.8,9.5,1991
1684,15897,fortis,11.6,10.1,1991
1685,15914,fortis,9.24,7.81,1991
1686,15915,fortis,10.74,8.31,1991
1687,15920,fortis,11.44,10.11,1991
1688,15929,fortis,11.6,9.45,1991
1689,15930,fortis,12.05,9.77,1991
1690,15934,fortis,11.14,9.11,1991
1691,15939,fortis,10.5,9.5,1991
1692,15944,fortis,10.8,8.3,1991
1693,15948,fortis,11.6,10.8,1991
1694,15950,fortis,10.6,9.35,1991
1695,15951,fortis,11.5,10.0,1991
1696,15970,fortis,9.83,8.5,1991
1697,15973,fortis,10.19,8.06,1991
1698,15977,fortis,9.84,8.32,1991
1699,15978,fortis,10.39,8.76,1991
1700,15979,fortis,11.04,9.82,1991
1701,15983,fortis,10.54,8.71,1991
1702,15995,fortis,9.94,8.52,1991
1703,16007,fortis,10.04,8.22,1991
1704,16016,fortis,9.97,8.8,1991
1705,16024,fortis,9.0,7.4,1991
1706,16027,fortis,10.25,8.0,1991
1707,16028,fortis,11.1,9.65,1991
1708,16044,fortis,10.75,8.9,1991
1709,16091,fortis,9.33,7.7,1991
1710,16093,fortis,10.5,8.4,1991
1711,16095,fortis,10.0,8.15,1991
1712,16096,fortis,10.6,8.8,1991
1713,16135,fortis,11.5,9.4,1991
1714,16141,fortis,11.6,10.6,1991
1715,16143,fortis,11.4,10.1,1991
1716,16144,fortis,11.3,10.4,1991
1717,16145,fortis,10.8,9.4,1991
1718,16146,fortis,11.2,10.1,1991
1719,16148,fortis,10.8,9.5,1991
1720,16149,fortis,11.5,9.8,1991
1721,16150,fortis,11.65,10.3,1991
1722,16165,fortis,9.7,8.0,1991
1723,16167,fortis,10.55,8.85,1991
1724,16173,fortis,11.13,9.7,1991
1725,16176,fortis,10.9,9.6,1991
1726,16184,fortis,11.05,9.25,1991
1727,16190,fortis,10.7,9.2,1991
1728,16197,fortis,10.7,9.2,1991
1729,16301,fortis,10.4,9.1,1991
1730,16306,fortis,11.3,10.2,1991
1731,16309,fortis,10.9,8.6,1991
1732,16310,fortis,11.0,9.0,1991
1733,16315,fortis,10.9,8.8,1991
1734,16316,fortis,10.8,8.1,1991
1735,16317,fortis,10.2,8.2,1991
1736,16319,fortis,10.8,9.0,1991
1737,16331,fortis,10.9,9.8,1991
1738,16333,fortis,10.2,9.1,1991
1739,16336,fortis,12.5,9.9,1991
1740,16337,fortis,11.3,9.2,1991
1741,16341,fortis,10.3,9.5,1991
1742,16344,fortis,9.4,8.5,1991
1743,16356,fortis,11.05,9.4,1991
1744,16360,fortis,10.7,9.4,1991
1745,16367,fortis,9.7,8.6,1991
1746,16374,fortis,10.6,9.0,1991
1747,16378,fortis,11.55,9.8,1991
1748,16380,fortis,11.0,9.2,1991
1749,16385,fortis,10.8,8.8,1991
1750,16386,fortis,9.53,8.27,1991
1751,16387,fortis,11.9,10.3,1991
1752,16391,fortis,10.6,9.2,1991
1753,16394,fortis,10.8,9.6,1991
1754,16395,fortis,11.05,9.8,1991
1755,16396,fortis,12.5,10.3,1991
1756,16398,fortis,12.1,9.8,1991
1757,16507,fortis,10.9,10.1,1991
1758,16511,fortis,10.7,9.3,1991
1759,16514,fortis,10.8,9.5,1991
1760,16518,fortis,12.0,10.0,1991
1761,16531,fortis,11.65,9.95,1991
1762,16549,fortis,10.6,9.0,1991
1763,16550,fortis,10.75,9.05,1991
1764,16551,fortis,11.1,9.0,1991
1765,16553,fortis,10.9,9.2,1991
1766,16554,fortis,10.9,10.4,1991
1767,16559,fortis,11.3,9.9,1991
1768,16560,fortis,11.6,9.6,1991
1769,16564,fortis,12.1,10.3,1991
1770,16565,fortis,12.1,10.0,1991
1771,16566,fortis,12.0,10.2,1991
1772,16575,fortis,11.6,10.5,1991
1773,16579,fortis,11.8,10.4,1991
1774,16580,fortis,11.3,9.3,1991
1775,16583,fortis,10.3,8.5,1991
1776,16590,fortis,9.6,7.7,1991
1777,16594,fortis,11.5,9.9,1991
1778,16595,fortis,11.9,10.3,1991
1779,16596,fortis,11.8,10.5,1991
1780,16597,fortis,10.1,8.8,1991
1781,16598,fortis,9.9,8.8,1991
1782,16803,fortis,12.1,9.85,1991
1783,16805,fortis,11.3,9.5,1991
1784,16807,fortis,9.7,7.5,1991
1785,16808,fortis,11.15,9.45,1991
1786,16810,fortis,10.65,9.1,1991
1787,16811,fortis,9.9,7.5,1991
1788,16815,fortis,10.3,8.9,1991
1789,16816,fortis,11.4,9.8,1991
1790,16817,fortis,11.7,9.7,1991
1791,16818,fortis,11.3,10.1,1991
1792,16833,fortis,11.8,9.4,1991
1793,16834,fortis,11.55,9.0,1991
1794,16836,fortis,12.3,9.9,1991
1795,16840,fortis,10.9,9.0,1991
1796,16851,fortis,10.3,8.6,1991
1797,16858,fortis,11.5,9.4,1991
1798,16859,fortis,10.4,8.65,1991
1799,16861,fortis,10.1,8.7,1991
1800,16869,fortis,11.75,9.65,1991
1801,16875,fortis,10.1,8.1,1991
1802,16889,fortis,9.55,7.8,1991
1803,16891,fortis,9.7,8.0,1991
1804,16895,fortis,10.0,8.3,1991
1805,17010,fortis,11.3,8.9,1991
1806,17013,fortis,11.0,9.3,1991
1807,17014,fortis,10.0,8.2,1991
1808,17033,fortis,10.6,9.3,1991
1809,17037,fortis,10.77,9.03,1991
1810,17048,fortis,10.0,8.3,1991
1811,17057,fortis,12.3,10.1,1991
1812,17061,fortis,10.7,10.0,1991
1813,17063,fortis,9.85,8.6,1991
1814,17067,fortis,10.8,9.1,1991
1815,17070,fortis,10.6,9.2,1991
1816,17073,fortis,10.6,8.53,1991
1817,17075,fortis,10.7,9.0,1991
1818,17083,fortis,10.4,9.6,1991
1819,17095,fortis,10.7,8.9,1991
1820,17109,fortis,10.0,9.0,1991
1821,17111,fortis,9.7,8.7,1991
1822,17113,fortis,9.7,8.6,1991
1823,17114,fortis,10.5,8.6,1991
1824,17116,fortis,10.7,9.3,1991
1825,17136,fortis,11.0,9.1,1991
1826,17145,fortis,11.0,9.9,1991
1827,17160,fortis,10.9,9.3,1991
1828,17168,fortis,10.7,8.3,1991
1829,17179,fortis,9.73,8.37,1991
1830,17188,fortis,9.0,7.9,1991
1831,17301,fortis,9.4,9.2,1991
1832,17307,fortis,8.8,8.0,1991
1833,17310,fortis,8.9,7.9,1991
1834,17311,fortis,10.8,8.7,1991
1835,17315,fortis,11.3,9.0,1991
1836,17344,fortis,10.6,9.6,1991
1837,17360,fortis,11.1,9.8,1991
1838,17367,fortis,12.0,10.2,1991
1839,17369,fortis,13.0,11.2,1991
1840,17379,fortis,10.6,8.6,1991
1841,17380,fortis,11.85,9.2,1991
1842,17381,fortis,10.9,8.5,1991
1843,17384,fortis,11.5,10.3,1991
1844,17386,fortis,11.1,9.9,1991
1845,17388,fortis,11.9,10.2,1991
1846,17395,fortis,11.7,10.0,1991
1847,17403,fortis,9.7,8.0,1991
1848,17410,fortis,11.8,10.4,1991
1849,17411,fortis,10.0,9.1,1991
1850,17415,fortis,10.13,8.7,1991
1851,17416,fortis,10.7,9.1,1991
1852,17418,fortis,10.8,8.9,1991
1853,17419,fortis,10.6,9.0,1991
1854,17436,fortis,10.7,8.3,1991
1855,17439,fortis,11.4,9.7,1991
1856,17440,fortis,11.1,9.2,1991
1857,17443,fortis,11.0,8.8,1991
1858,17460,fortis,11.47,10.0,1991
1859,17461,fortis,10.2,9.0,1991
1860,17464,fortis,11.0,9.7,1991
1861,17466,fortis,10.6,9.6,1991
1862,17467,fortis,11.7,9.5,1991
1863,17468,fortis,10.7,8.8,1991
1864,17480,fortis,9.8,7.5,1991
1865,17483,fortis,10.1,7.8,1991
1866,17485,fortis,10.9,9.0,1991
1867,17490,fortis,10.7,9.9,1991
1868,17491,fortis,10.6,8.9,1991
1869,17493,fortis,11.6,10.5,1991
1870,17494,fortis,11.9,10.7,1991
1871,17496,fortis,12.4,10.0,1991
1872,17497,fortis,11.0,9.0,1991
1873,17498,fortis,10.6,9.7,1991
1874,17500,fortis,10.0,8.9,1991
1875,17503,fortis,9.8,7.9,1991
1876,17534,fortis,10.15,8.95,1991
1877,17551,fortis,9.3,7.7,1991
1878,17559,fortis,11.8,9.8,1991
1879,17568,fortis,10.8,8.9,1991
1880,17573,fortis,9.9,9.0,1991
1881,17583,fortis,9.9,8.4,1991
1882,17589,fortis,11.5,10.4,1991
1883,17603,fortis,10.5,9.17,1991
1884,17605,fortis,11.2,9.1,1991
1885,17615,fortis,12.4,9.4,1991
1886,17617,fortis,10.1,8.2,1991
1887,17618,fortis,10.85,8.1,1991
1888,17634,fortis,10.75,8.85,1991
1889,17638,fortis,8.9,6.9,1991
1890,17639,fortis,10.0,8.9,1991
1891,17641,fortis,11.2,9.5,1991
1892,17643,fortis,11.0,8.7,1991
1893,17646,fortis,12.3,9.9,1991
1894,17647,fortis,11.6,10.2,1991
1895,17648,fortis,11.1,9.4,1991
1896,17649,fortis,11.7,10.6,1991
1897,17653,fortis,11.0,8.4,1991
1898,17654,fortis,10.8,8.6,1991
1899,17656,fortis,9.5,8.2,1991
1900,17659,fortis,10.8,8.8,1991
1901,17664,fortis,10.5,9.2,1991
1902,17665,fortis,9.5,8.1,1991
1903,17666,fortis,11.7,10.5,1991
1904,17668,fortis,11.0,9.5,1991
1905,17677,fortis,10.6,9.0,1991
1906,17693,fortis,10.5,8.8,1991
1907,17696,fortis,11.1,10.1,1991
1908,17697,fortis,10.9,9.6,1991
1909,17698,fortis,10.7,9.6,1991
1910,17699,fortis,10.8,9.5,1991
1911,17717,fortis,11.55,9.65,1991
1912,17733,fortis,10.7,9.4,1991
1913,17734,fortis,11.3,10.0,1991
1914,17735,fortis,10.6,8.8,1991
1915,17738,fortis,10.4,9.9,1991
1916,17740,fortis,10.7,8.7,1991
1917,17754,fortis,9.8,9.0,1991
1918,17759,fortis,11.6,9.7,1991
1919,17768,fortis,10.1,8.4,1991
1920,17771,fortis,11.7,9.8,1991
1921,17786,fortis,11.7,9.6,1991
1922,17791,fortis,10.8,9.8,1991
1923,17797,fortis,10.3,8.5,1991
1924,17798,fortis,10.65,8.85,1991
1925,17800,fortis,10.8,8.9,1991
1926,17803,fortis,10.7,9.2,1991
1927,17907,fortis,10.7,9.0,1991
1928,17908,fortis,10.2,8.8,1991
1929,17916,fortis,9.7,7.4,1991
1930,17934,fortis,10.4,8.7,1991
1931,17936,fortis,11.5,9.0,1991
1932,17940,fortis,11.1,9.8,1991
1933,17954,fortis,10.3,9.2,1991
1934,17955,fortis,11.5,10.0,1991
1935,17964,fortis,10.9,9.5,1991
1936,17969,fortis,9.9,8.8,1991
1937,17971,fortis,10.8,8.8,1991
1938,17974,fortis,10.1,9.0,1991
1939,17983,fortis,10.9,9.0,1991
1940,17986,fortis,11.2,9.0,1991
1941,17991,fortis,12.7,10.65,1991
1942,17993,fortis,11.8,10.5,1991
1943,17999,fortis,11.5,9.5,1991
1944,2760,scandens,14.2,9.25,1991
1945,3425,scandens,14.9,8.8,1991
1946,4090,scandens,14.95,9.26,1991
1947,4137,scandens,15.8,10.0,1991
1948,4223,scandens,15.07,8.77,1991
1949,4683,scandens,13.6,9.13,1991
1950,4706,scandens,14.8,9.5,1991
1951,4778,scandens,13.7,9.3,1991
1952,5351,scandens,13.6,8.95,1991
1953,5582,scandens,15.07,8.87,1991
1954,5608,scandens,15.8,9.7,1991
1955,5656,scandens,14.9,9.7,1991
1956,10001,scandens,13.43,8.41,1991
1957,10002,scandens,14.64,9.21,1991
1958,10061,scandens,15.2,9.6,1991
1959,10105,scandens,14.9,9.4,1991
1960,10174,scandens,15.2,9.25,1991
1961,10206,scandens,13.43,9.3,1991
1962,10223,scandens,15.2,9.8,1991
1963,10268,scandens,14.53,9.43,1991
1964,10394,scandens,12.07,9.0,1991
1965,10740,scandens,14.75,9.3,1991
1966,13256,scandens,15.35,9.85,1991
1967,13257,scandens,14.47,9.62,1991
1968,13548,scandens,14.3,9.0,1991
1969,14208,scandens,12.73,9.52,1991
1970,14524,scandens,15.3,9.9,1991
1971,14576,scandens,13.8,8.6,1991
1972,14584,scandens,15.04,9.21,1991
1973,14646,scandens,14.3,9.38,1991
1974,14728,scandens,14.29,9.37,1991
1975,14731,scandens,14.04,9.02,1991
1976,14755,scandens,13.6,8.9,1991
1977,14758,scandens,13.84,8.91,1991
1978,14759,scandens,14.04,9.06,1991
1979,14786,scandens,13.7,8.4,1991
1980,14830,scandens,14.7,8.7,1991
1981,14834,scandens,13.75,8.7,1991
1982,14835,scandens,14.09,8.91,1991
1983,14847,scandens,15.3,10.1,1991
1984,14877,scandens,15.2,10.27,1991
1985,14946,scandens,14.9,9.65,1991
1986,14975,scandens,13.95,9.28,1991
1987,14995,scandens,14.2,9.2,1991
1988,15235,scandens,14.04,7.96,1991
1989,15237,scandens,13.0,8.3,1991
1990,15406,scandens,14.2,8.9,1991
1991,15419,scandens,14.9,8.6,1991
1992,15441,scandens,14.6,9.1,1991
1993,15476,scandens,13.6,8.6,1991
1994,15615,scandens,14.63,9.37,1991
1995,15638,scandens,14.35,9.2,1991
1996,15639,scandens,14.2,9.1,1991
1997,15658,scandens,14.45,9.85,1991
1998,15685,scandens,13.84,9.02,1991
1999,15694,scandens,13.14,9.51,1991
2000,15704,scandens,12.34,8.81,1991
2001,15718,scandens,10.75,7.77,1991
2002,15721,scandens,11.89,8.96,1991
2003,15725,scandens,11.5,8.8,1991
2004,15736,scandens,15.0,9.1,1991
2005,15760,scandens,14.34,9.01,1991
2006,15765,scandens,13.85,8.9,1991
2007,15798,scandens,13.15,8.4,1991
2008,15812,scandens,14.85,9.25,1991
2009,15817,scandens,14.77,9.73,1991
2010,15837,scandens,14.45,9.2,1991
2011,15859,scandens,14.57,8.95,1991
2012,15901,scandens,14.5,8.7,1991
2013,15986,scandens,14.17,8.72,1991
2014,16100,scandens,14.3,9.6,1991
2015,16109,scandens,14.0,9.3,1991
2016,16113,scandens,14.9,10.4,1991
2017,16183,scandens,14.0,8.9,1991
2018,16195,scandens,11.8,9.3,1991
2019,16568,scandens,12.15,8.4,1991
2020,16569,scandens,12.7,8.6,1991
2021,16585,scandens,13.7,8.9,1991
2022,16600,scandens,15.0,10.1,1991
2023,16873,scandens,14.4,8.9,1991
2024,17001,scandens,12.8,8.8,1991
2025,17004,scandens,14.05,9.25,1991
2026,17099,scandens,13.3,8.6,1991
2027,17140,scandens,13.1,8.7,1991
2028,17143,scandens,12.9,8.4,1991
2029,17153,scandens,14.8,9.5,1991
2030,17176,scandens,14.15,8.65,1991
2031,17305,scandens,14.4,9.0,1991
2032,17353,scandens,14.6,9.0,1991
2033,17374,scandens,13.0,8.5,1991
2034,17474,scandens,14.6,9.75,1991
2035,17475,scandens,13.8,9.1,1991
2036,17504,scandens,13.9,9.3,1991
2037,17505,scandens,13.6,8.6,1991
2038,17548,scandens,13.9,9.0,1991
2039,17658,scandens,14.3,9.1,1991
2040,17673,scandens,14.7,8.2,1991
2041,17674,scandens,13.5,8.1,1991
2042,17685,scandens,14.0,9.4,1991
2043,17764,scandens,13.1,9.0,1991
2044,17779,scandens,12.9,8.8,1991
2045,17788,scandens,14.6,10.1,1991
2046,17795,scandens,13.3,8.8,1991
2047,17901,scandens,14.8,9.5,1991
2048,17915,scandens,11.8,8.3,1991
2049,17930,scandens,12.8,8.7,1991
2050,17939,scandens,12.6,8.6,1991
2051,17947,scandens,11.8,7.9,1991
2052,17950,scandens,10.3,8.7,1991
2053,17953,scandens,11.1,9.5,1991
2054,17956,scandens,13.7,9.0,1991
2055,17963,scandens,13.8,8.9,1991
2056,19022,fortis,10.0,8.5,2012
2057,19028,fortis,12.5,8.9,2012
2058,19032,fortis,9.3,7.5,2012
2059,19041,fortis,10.3,9.6,2012
2060,19044,fortis,11.0,9.2,2012
2061,19048,fortis,10.1,8.2,2012
2062,19072,fortis,9.6,7.8,2012
2063,19082,fortis,10.9,8.6,2012
2064,19104,fortis,10.3,8.4,2012
2065,19114,fortis,9.8,7.7,2012
2066,19121,fortis,10.1,8.0,2012
2067,19126,fortis,10.4,8.7,2012
2068,19146,fortis,9.6,8.1,2012
2069,19164,fortis,10.6,8.8,2012
2070,19174,fortis,10.6,9.4,2012
2071,19203,fortis,11.9,10.0,2012
2072,19210,fortis,11.3,9.6,2012
2073,19217,fortis,11.3,9.6,2012
2074,19224,fortis,9.7,8.1,2012
2075,19226,fortis,9.7,7.5,2012
2076,19252,fortis,10.1,8.4,2012
2077,19263,fortis,10.0,7.9,2012
2078,19274,fortis,10.0,8.3,2012
2079,19280,fortis,10.0,8.9,2012
2080,19288,fortis,11.5,9.1,2012
2081,19328,fortis,9.5,7.7,2012
2082,19349,fortis,11.2,8.3,2012
2083,19362,fortis,10.7,8.6,2012
2084,19372,fortis,10.0,8.4,2012
2085,19382,fortis,9.8,7.7,2012
2086,19384,fortis,10.9,9.1,2012
2087,19392,fortis,9.2,7.7,2012
2088,19394,fortis,10.2,9.0,2012
2089,19422,fortis,11.3,10.2,2012
2090,19439,fortis,10.3,8.1,2012
2091,19461,fortis,10.7,8.6,2012
2092,19482,fortis,10.0,8.4,2012
2093,19502,fortis,9.7,8.1,2012
2094,19511,fortis,9.9,8.0,2012
2095,19536,fortis,10.7,8.3,2012
2096,19563,fortis,11.0,10.3,2012
2097,19568,fortis,9.7,8.0,2012
2098,19602,fortis,10.5,8.8,2012
2099,19604,fortis,11.7,9.0,2012
2100,19614,fortis,10.8,9.3,2012
2101,19623,fortis,9.1,7.6,2012
2102,19627,fortis,10.9,8.2,2012
2103,19642,fortis,12.2,10.0,2012
2104,19649,fortis,10.9,8.2,2012
2105,19654,fortis,10.7,8.2,2012
2106,19674,fortis,10.4,8.3,2012
2107,19682,fortis,9.7,7.8,2012
2108,19712,fortis,10.3,8.0,2012
2109,19734,fortis,9.8,8.4,2012
2110,19746,fortis,10.6,9.3,2012
2111,19749,fortis,10.5,8.9,2012
2112,19774,fortis,12.5,9.7,2012
2113,19782,fortis,9.2,7.6,2012
2114,19815,fortis,10.1,9.0,2012
2115,19820,fortis,10.6,8.6,2012
2116,19821,fortis,11.5,8.9,2012
2117,19829,fortis,10.8,8.6,2012
2118,19832,fortis,10.5,8.8,2012
2119,19835,fortis,10.1,8.5,2012
2120,19840,fortis,10.7,9.2,2012
2121,19849,fortis,9.6,8.0,2012
2122,19874,fortis,10.7,9.4,2012
2123,19878,fortis,10.1,7.7,2012
2124,19889,fortis,10.0,8.4,2012
2125,19914,fortis,10.0,8.5,2012
2126,19921,fortis,10.4,9.0,2012
2127,19922,fortis,10.4,9.0,2012
2128,19928,fortis,11.7,9.3,2012
2129,19932,fortis,10.6,8.7,2012
2130,19942,fortis,11.5,8.1,2012
2131,19946,fortis,10.7,8.7,2012
2132,19947,fortis,10.4,7.9,2012
2133,19952,fortis,10.1,7.7,2012
2134,19974,fortis,10.8,8.4,2012
2135,19993,fortis,11.5,9.25,2012
2136,19994,fortis,11.1,8.1,2012
2137,21049,fortis,9.9,8.3,2012
2138,21052,fortis,10.5,8.5,2012
2139,21080,fortis,12.2,9.9,2012
2140,21082,fortis,10.9,8.4,2012
2141,21087,fortis,12.9,9.9,2012
2142,21088,fortis,9.7,7.2,2012
2143,21089,fortis,9.7,8.2,2012
2144,21090,fortis,10.0,8.2,2012
2145,21129,fortis,10.1,8.3,2012
2146,21160,fortis,10.2,8.4,2012
2147,21161,fortis,9.6,7.5,2012
2148,21162,fortis,9.9,8.2,2012
2149,21165,fortis,10.6,8.6,2012
2150,21169,fortis,9.8,8.2,2012
2151,21191,fortis,11.1,8.8,2012
2152,21244,fortis,10.0,8.5,2012
2153,21247,fortis,10.9,8.1,2012
2154,21249,fortis,10.0,8.3,2012
2155,21258,fortis,10.6,8.5,2012
2156,21259,fortis,10.7,8.1,2012
2157,21261,fortis,9.4,7.3,2012
2158,21262,fortis,10.1,8.0,2012
2159,21265,fortis,11.8,10.2,2012
2160,21266,fortis,12.2,11.1,2012
2161,21272,fortis,12.9,9.9,2012
2162,21273,fortis,10.1,8.7,2012
2163,21276,fortis,10.1,8.3,2012
2164,21277,fortis,9.0,7.8,2012
2165,21282,fortis,11.7,9.9,2012
2166,21283,fortis,10.9,10.3,2012
2167,21287,fortis,10.4,8.4,2012
2168,21293,fortis,12.7,8.7,2012
2169,21294,fortis,10.5,9.8,2012
2170,21296,fortis,9.6,8.7,2012
2171,21298,fortis,10.6,9.0,2012
2172,21299,fortis,10.4,7.8,2012
2173,21341,fortis,10.5,8.5,2012
2174,21343,fortis,10.1,8.2,2012
2175,21349,fortis,10.6,9.2,2012
2176,22000,fortis,10.6,9.0,2012
2177,19026,scandens,14.3,9.4,2012
2178,19028,scandens,12.5,8.9,2012
2179,19029,scandens,13.7,9.5,2012
2180,19094,scandens,13.8,11.0,2012
2181,19122,scandens,12.0,8.7,2012
2182,19125,scandens,13.0,8.4,2012
2183,19129,scandens,13.0,9.1,2012
2184,19172,scandens,13.6,8.7,2012
2185,19182,scandens,12.8,10.2,2012
2186,19212,scandens,13.6,9.6,2012
2187,19214,scandens,12.95,8.85,2012
2188,19244,scandens,13.1,8.8,2012
2189,19251,scandens,13.4,9.5,2012
2190,19260,scandens,13.9,9.2,2012
2191,19270,scandens,12.3,9.0,2012
2192,19278,scandens,14.0,9.8,2012
2193,19289,scandens,12.5,9.3,2012
2194,19299,scandens,12.3,9.0,2012
2195,19312,scandens,13.9,10.2,2012
2196,19326,scandens,13.1,7.7,2012
2197,19343,scandens,12.5,9.0,2012
2198,19374,scandens,13.9,9.5,2012
2199,19401,scandens,13.7,9.4,2012
2200,19406,scandens,12.0,8.0,2012
2201,19408,scandens,14.4,8.9,2012
2202,19426,scandens,13.5,9.4,2012
2203,19430,scandens,13.8,9.5,2012
2204,19433,scandens,13.0,8.0,2012
2205,19438,scandens,14.9,10.0,2012
2206,19452,scandens,12.5,8.95,2012
2207,19466,scandens,12.3,8.2,2012
2208,19469,scandens,12.8,8.8,2012
2209,19486,scandens,13.4,9.2,2012
2210,19492,scandens,13.8,9.4,2012
2211,19493,scandens,13.5,9.5,2012
2212,19494,scandens,13.5,8.1,2012
2213,19495,scandens,13.4,9.5,2012
2214,19496,scandens,12.3,8.4,2012
2215,19497,scandens,14.35,9.3,2012
2216,19510,scandens,13.2,9.3,2012
2217,19513,scandens,13.8,9.6,2012
2218,19518,scandens,14.6,9.2,2012
2219,19526,scandens,14.3,10.0,2012
2220,19527,scandens,13.8,8.9,2012
2221,19528,scandens,13.6,10.5,2012
2222,19543,scandens,12.9,8.9,2012
2223,19553,scandens,13.0,8.6,2012
2224,19554,scandens,13.5,8.8,2012
2225,19573,scandens,13.2,9.15,2012
2226,19592,scandens,13.7,9.5,2012
2227,19594,scandens,13.1,9.1,2012
2228,19597,scandens,13.2,10.2,2012
2229,19598,scandens,12.6,8.4,2012
2230,19599,scandens,13.0,10.0,2012
2231,19619,scandens,13.9,10.2,2012
2232,19622,scandens,13.2,9.3,2012
2233,19652,scandens,15.0,10.8,2012
2234,19653,scandens,13.37,8.3,2012
2235,19664,scandens,11.4,7.8,2012
2236,19692,scandens,13.8,9.8,2012
2237,19720,scandens,13.0,7.9,2012
2238,19740,scandens,13.0,8.9,2012
2239,19747,scandens,13.1,7.7,2012
2240,19766,scandens,12.8,8.9,2012
2241,19783,scandens,13.3,9.4,2012
2242,19844,scandens,13.5,9.4,2012
2243,19848,scandens,12.4,8.5,2012
2244,19852,scandens,13.1,8.5,2012
2245,19854,scandens,14.0,9.6,2012
2246,19855,scandens,13.5,10.2,2012
2247,19868,scandens,11.8,8.8,2012
2248,19882,scandens,13.7,9.5,2012
2249,19900,scandens,13.2,9.3,2012
2250,19910,scandens,12.2,9.0,2012
2251,19936,scandens,13.0,9.2,2012
2252,19940,scandens,13.1,8.7,2012
2253,19941,scandens,14.7,9.0,2012
2254,19951,scandens,13.7,9.1,2012
2255,19955,scandens,13.5,8.7,2012
2256,19956,scandens,13.3,9.4,2012
2257,21040,scandens,14.1,9.8,2012
2258,21041,scandens,12.5,8.6,2012
2259,21045,scandens,13.7,10.6,2012
2260,21047,scandens,14.6,9.0,2012
2261,21053,scandens,14.1,9.5,2012
2262,21057,scandens,12.9,8.1,2012
2263,21070,scandens,13.9,9.3,2012
2264,21081,scandens,13.4,9.6,2012
2265,21092,scandens,13.0,8.5,2012
2266,21093,scandens,12.7,8.2,2012
2267,21106,scandens,12.1,8.0,2012
2268,21109,scandens,14.0,9.5,2012
2269,21111,scandens,14.9,9.7,2012
2270,21113,scandens,13.9,9.9,2012
2271,21131,scandens,12.9,9.1,2012
2272,21135,scandens,14.6,9.5,2012
2273,21136,scandens,14.0,9.8,2012
2274,21159,scandens,13.0,8.4,2012
2275,21167,scandens,12.7,8.3,2012
2276,21176,scandens,14.0,9.6,2012
2277,21248,scandens,14.1,9.4,2012
2278,21253,scandens,14.1,10.0,2012
2279,21255,scandens,13.0,8.9,2012
2280,21256,scandens,13.5,9.1,2012
2281,21257,scandens,13.4,9.8,2012
2282,21260,scandens,13.9,9.3,2012
2283,21263,scandens,13.1,9.9,2012
2284,21267,scandens,12.9,8.9,2012
2285,21268,scandens,14.0,8.5,2012
2286,21270,scandens,14.0,10.6,2012
2287,21271,scandens,14.1,9.3,2012
2288,21278,scandens,14.7,8.9,2012
2289,21279,scandens,13.4,8.9,2012
2290,21280,scandens,13.8,9.7,2012
2291,21281,scandens,13.4,9.8,2012
2292,21285,scandens,13.8,10.5,2012
2293,21286,scandens,12.4,8.4,2012
2294,21288,scandens,14.1,10.0,2012
2295,21289,scandens,12.9,9.0,2012
2296,21290,scandens,13.9,8.7,2012
2297,21291,scandens,14.3,8.8,2012
2298,21292,scandens,13.2,8.4,2012
2299,21295,scandens,14.2,9.3,2012
2300,21297,scandens,13.0,9.8,2012
2301,21340,scandens,14.6,8.9,2012
2302,21342,scandens,13.1,9.8,2012
2303,21347,scandens,15.2,9.1,2012
